[
    {
        "model": "auth.group",
        "pk": 1,
        "fields": {
            "name": "administrador",
            "permissions": [
                67,
                59,
                63,
                58,
                72,
                74,
                99,
                101,
                102
            ]
        }
    },
    {
        "model": "auth.group",
        "pk": 2,
        "fields": {
            "name": "usuarios",
            "permissions": [
                57
            ]
        }
    },
    {
        "model": "auth.group",
        "pk": 3,
        "fields": {
            "name": "sin_acceso",
            "permissions": []
        }
    },
    {
        "model": "auth.group",
        "pk": 4,
        "fields": {
            "name": "Scrum Master",
            "permissions": []
        }
    },
    {
        "model": "auth.group",
        "pk": 5,
        "fields": {
            "name": "Desarrollador",
            "permissions": [
                57,
                85,
                95,
                96,
                92,
                97,
                103,
                94,
                99,
                100,
                93,
                98,
                104
            ]
        }
    },
    {
        "model": "auth.group",
        "pk": 6,
        "fields": {
            "name": "Tester",
            "permissions": [
                57,
                85,
                95,
                96,
                92,
                97,
                103,
                94,
                99,
                100,
                93,
                98,
                104
            ]
        }
    },
    {
        "model": "auth.group",
        "pk": 7,
        "fields": {
            "name": "Desarrollador Front",
            "permissions": [
                57,
                85,
                95,
                96,
                92,
                97,
                103,
                94,
                99,
                93,
                98,
                104
            ]
        }
    },
    {
        "model": "auth.user",
        "pk": 1,
        "fields": {
            "password": "!4bNjJV458tbeEomkJpItWJE0oqdkccU6ImLARNRq",
            "last_login": "2022-11-24T20:02:01.882Z",
            "is_superuser": false,
            "username": "aramy_patricia",
            "first_name": "Aramy Patricia",
            "last_name": "Rolon Cardenas",
            "email": "aramypatricia@fpuna.edu.py",
            "is_staff": false,
            "is_active": true,
            "date_joined": "2022-11-24T14:46:55.742Z",
            "groups": [
                1
            ],
            "user_permissions": []
        }
    },
    {
        "model": "auth.user",
        "pk": 2,
        "fields": {
            "password": "!2hT156HToEWlyOo7F98qiBaKp7zaL1xa8pdPGUdi",
            "last_login": "2022-11-24T22:21:31.078Z",
            "is_superuser": false,
            "username": "jennifer_nathaly",
            "first_name": "Jennifer Nathaly",
            "last_name": "Staple Giménez",
            "email": "jenny.staple@fpuna.edu.py",
            "is_staff": false,
            "is_active": true,
            "date_joined": "2022-11-24T14:51:31.301Z",
            "groups": [
                2,
                4
            ],
            "user_permissions": []
        }
    },
    {
        "model": "auth.user",
        "pk": 3,
        "fields": {
            "password": "!W8oAJLUVUzoj2p3wgu8SnBdrI6JN5ALF0Q0QsYit",
            "last_login": "2022-11-24T22:23:38.802Z",
            "is_superuser": false,
            "username": "alisha_azucena",
            "first_name": "Alisha Azucena",
            "last_name": "Rotela Villalba",
            "email": "alisharotela2@fpuna.edu.py",
            "is_staff": false,
            "is_active": true,
            "date_joined": "2022-11-24T14:52:19.725Z",
            "groups": [
                2,
                4
            ],
            "user_permissions": []
        }
    },
    {
        "model": "auth.user",
        "pk": 4,
        "fields": {
            "password": "!7TANy5ZgvgWNfrZV0D2Pwo1LHE3zE5aBYQrJwy2R",
            "last_login": "2022-11-24T22:24:30.967Z",
            "is_superuser": false,
            "username": "araceli_isabel",
            "first_name": "Araceli Isabel",
            "last_name": "Valenzuela Ferreira",
            "email": "aracelivalen4@fpuna.edu.py",
            "is_staff": false,
            "is_active": true,
            "date_joined": "2022-11-24T15:18:12.334Z",
            "groups": [
                2,
                4
            ],
            "user_permissions": []
        }
    },
    {
        "model": "auth.user",
        "pk": 5,
        "fields": {
            "password": "pbkdf2_sha256$390000$BZ6JJ1jWkbNU0Xk3PWmUkx$QksFfKkwJB0zSvHTPktyrY2YvIKghlgmsKV8nrBsfNY=",
            "last_login": "2022-11-24T18:34:38.785Z",
            "is_superuser": true,
            "username": "admin",
            "first_name": "",
            "last_name": "",
            "email": "admin@mail.com",
            "is_staff": true,
            "is_active": true,
            "date_joined": "2022-11-24T18:34:17.834Z",
            "groups": [],
            "user_permissions": []
        }
    },
    {
        "model": "sessions.session",
        "pk": "55w2a3q4wywg0nw4zldz4zea6jrkrm1g",
        "fields": {
            "session_data": ".eJxVjMsOgjAURP_lrgnhUR51aWI0MbhXY8jltgUUW0LLivDvgmHDbjLnzExgDbXYIZEZtSutQyfh8JygHwxJa-EAnalbDR5YMv3CYIk4uqbsccDvKsDswfV2r_npUfBLc4aXB-VfGa0cylYsTgK7rkL6SL0C8UZdG5-MdkNb-avib9T6hRGyO27u7qBB26zrLOIohMqJMxZHxNJMpioPKWMq5pEgvvSYhmlEWUiJYDELA5EHMVM8l8hg_gFqRVQk:1oyH3W:Hkrb-0y4FtEcjTebVs78HBad92_Vfvja7JK_Ktz3C0c",
            "expire_date": "2022-12-08T18:34:38.826Z"
        }
    },
    {
        "model": "sessions.session",
        "pk": "7znxh0a4h9vpvl1tch8lxh26b5jqup6x",
        "fields": {
            "session_data": ".eJxVjM0OwiAQhN-FsyGUn2K92RdplmU3EBuaCJyM725retDjfDPzvcQCvaWlV3ouOYqbsOLyywLgg8pRwLoeWALi1kuT381ZV3nfE5WWEVreyny-_lQJato9xmg1-sErRayBIWqYmK5xII1gopssBtIKOBKRR2ctRadcMIDMoyPx_gDVYD23:1oyKdz:iUMDhgBoErDbRjxhCnrKnwiokt2wlhw88OFqtJASxQY",
            "expire_date": "2022-12-08T22:24:31.008Z"
        }
    },
    {
        "model": "account.emailaddress",
        "pk": 1,
        "fields": {
            "user": 1,
            "email": "aramypatricia@fpuna.edu.py",
            "verified": true,
            "primary": true
        }
    },
    {
        "model": "account.emailaddress",
        "pk": 2,
        "fields": {
            "user": 2,
            "email": "jenny.staple@fpuna.edu.py",
            "verified": true,
            "primary": true
        }
    },
    {
        "model": "account.emailaddress",
        "pk": 3,
        "fields": {
            "user": 3,
            "email": "alisharotela2@fpuna.edu.py",
            "verified": true,
            "primary": true
        }
    },
    {
        "model": "account.emailaddress",
        "pk": 4,
        "fields": {
            "user": 4,
            "email": "aracelivalen4@fpuna.edu.py",
            "verified": true,
            "primary": true
        }
    },
    {
        "model": "socialaccount.socialapp",
        "pk": 1,
        "fields": {
            "provider": "",
            "name": "sso",
            "client_id": "",
            "secret": "",
            "key": ""
        }
    },
    {
        "model": "socialaccount.socialapp",
        "pk": 2,
        "fields": {
            "provider": "google",
            "name": "sso",
            "client_id": "1063084719121-hre5aon6e3698bov5ioa4698e0otgbsg.apps.googleusercontent.com",
            "secret": "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",
            "key": ""
        }
    },
    {
        "model": "socialaccount.socialaccount",
        "pk": 1,
        "fields": {
            "user": 1,
            "provider": "google",
            "uid": "113097361456844326557",
            "last_login": "2022-11-24T20:02:01.580Z",
            "date_joined": "2022-11-24T14:46:55.890Z",
            "extra_data": "{\"id\": \"113097361456844326557\", \"email\": \"aramypatricia@fpuna.edu.py\", \"verified_email\": true, \"name\": \"Aramy Patricia Rolon Cardenas\", \"given_name\": \"Aramy Patricia\", \"family_name\": \"Rolon Cardenas\", \"picture\": \"https://lh3.googleusercontent.com/a/ALm5wu0ULWwmmLdNyzUTDyC2MuF75Ir-JyUWUxSuSiW2=s96-c\", \"locale\": \"es\", \"hd\": \"fpuna.edu.py\"}"
        }
    },
    {
        "model": "socialaccount.socialaccount",
        "pk": 2,
        "fields": {
            "user": 2,
            "provider": "google",
            "uid": "118194788618372720386",
            "last_login": "2022-11-24T22:21:30.878Z",
            "date_joined": "2022-11-24T14:51:31.588Z",
            "extra_data": "{\"id\": \"118194788618372720386\", \"email\": \"jenny.staple@fpuna.edu.py\", \"verified_email\": true, \"name\": \"Jennifer Nathaly Staple Gim\\u00e9nez\", \"given_name\": \"Jennifer Nathaly\", \"family_name\": \"Staple Gim\\u00e9nez\", \"picture\": \"https://lh3.googleusercontent.com/a/ALm5wu2YzRroeR9OMZlKDecxum2XLJb53VZt11E_0Hfv=s96-c\", \"locale\": \"es\", \"hd\": \"fpuna.edu.py\"}"
        }
    },
    {
        "model": "socialaccount.socialaccount",
        "pk": 3,
        "fields": {
            "user": 3,
            "provider": "google",
            "uid": "108997383162197376649",
            "last_login": "2022-11-24T22:23:38.545Z",
            "date_joined": "2022-11-24T14:52:19.798Z",
            "extra_data": "{\"id\": \"108997383162197376649\", \"email\": \"alisharotela2@fpuna.edu.py\", \"verified_email\": true, \"name\": \"Alisha Azucena Rotela Villalba\", \"given_name\": \"Alisha Azucena\", \"family_name\": \"Rotela Villalba\", \"picture\": \"https://lh3.googleusercontent.com/a/ALm5wu3ovtva4aEqesz5_j7plDZNWO_qAShwUky6gXhx=s96-c\", \"locale\": \"es\", \"hd\": \"fpuna.edu.py\"}"
        }
    },
    {
        "model": "socialaccount.socialaccount",
        "pk": 4,
        "fields": {
            "user": 4,
            "provider": "google",
            "uid": "111618721724047810295",
            "last_login": "2022-11-24T22:24:30.875Z",
            "date_joined": "2022-11-24T15:18:12.386Z",
            "extra_data": "{\"id\": \"111618721724047810295\", \"email\": \"aracelivalen4@fpuna.edu.py\", \"verified_email\": true, \"name\": \"Araceli Isabel Valenzuela Ferreira\", \"given_name\": \"Araceli Isabel\", \"family_name\": \"Valenzuela Ferreira\", \"picture\": \"https://lh3.googleusercontent.com/a/ALm5wu0nJPWBvfazyPPrUsjWsuQ6F9kiFsJFFZ5LFHP9=s96-c\", \"locale\": \"es\", \"hd\": \"fpuna.edu.py\"}"
        }
    },
    {
        "model": "Usuarios.notificaciones",
        "pk": 1,
        "fields": {
            "leido": false,
            "mensaje": "jennifer_nathaly ha solicitado acceso al sistema ",
            "timestamp": "2022-11-24T14:51:35.465Z",
            "proyecto": "sistema",
            "usuario": 1
        }
    },
    {
        "model": "Usuarios.notificaciones",
        "pk": 2,
        "fields": {
            "leido": false,
            "mensaje": "alisha_azucena ha solicitado acceso al sistema ",
            "timestamp": "2022-11-24T14:52:22.685Z",
            "proyecto": "sistema",
            "usuario": 1
        }
    },
    {
        "model": "Usuarios.notificaciones",
        "pk": 3,
        "fields": {
            "leido": false,
            "mensaje": "araceli_isabel ha solicitado acceso al sistema ",
            "timestamp": "2022-11-24T15:18:35.238Z",
            "proyecto": "sistema",
            "usuario": 1
        }
    },
    {
        "model": "Usuarios.notificaciones",
        "pk": 4,
        "fields": {
            "leido": false,
            "mensaje": "aramy_patricia te ha asignado como scrum master del proyecto: Proyecto 1",
            "timestamp": "2022-11-24T16:53:25.325Z",
            "proyecto": "Proyecto 1",
            "usuario": 3
        }
    },
    {
        "model": "Usuarios.notificaciones",
        "pk": 5,
        "fields": {
            "leido": false,
            "mensaje": "araceli_isabel ha solicitado acceso al sistema ",
            "timestamp": "2022-11-24T17:02:08.955Z",
            "proyecto": "sistema",
            "usuario": 1
        }
    },
    {
        "model": "Usuarios.notificaciones",
        "pk": 6,
        "fields": {
            "leido": false,
            "mensaje": "alisha_azucena te ha asignado como miembro del proyecto: Proyecto 1",
            "timestamp": "2022-11-24T17:06:00.457Z",
            "proyecto": "Proyecto 1",
            "usuario": 2
        }
    },
    {
        "model": "Usuarios.notificaciones",
        "pk": 7,
        "fields": {
            "leido": false,
            "mensaje": "alisha_azucena te ha asignado como miembro del proyecto: Proyecto 1",
            "timestamp": "2022-11-24T17:06:00.601Z",
            "proyecto": "Proyecto 1",
            "usuario": 4
        }
    },
    {
        "model": "Usuarios.notificaciones",
        "pk": 8,
        "fields": {
            "leido": false,
            "mensaje": "alisha_azucena te ha asignado el rol de Desarrollador",
            "timestamp": "2022-11-24T17:07:32.506Z",
            "proyecto": "Proyecto 1",
            "usuario": 2
        }
    },
    {
        "model": "Usuarios.notificaciones",
        "pk": 9,
        "fields": {
            "leido": false,
            "mensaje": "alisha_azucena te ha asignado el rol de Tester",
            "timestamp": "2022-11-24T17:07:38.515Z",
            "proyecto": "Proyecto 1",
            "usuario": 4
        }
    },
    {
        "model": "Usuarios.notificaciones",
        "pk": 10,
        "fields": {
            "leido": false,
            "mensaje": "alisha_azucena ha creado el SPRINT A",
            "timestamp": "2022-11-24T17:35:01.827Z",
            "proyecto": "Proyecto 1",
            "usuario": 2
        }
    },
    {
        "model": "Usuarios.notificaciones",
        "pk": 11,
        "fields": {
            "leido": false,
            "mensaje": "alisha_azucena ha creado el SPRINT A",
            "timestamp": "2022-11-24T17:35:01.890Z",
            "proyecto": "Proyecto 1",
            "usuario": 4
        }
    },
    {
        "model": "Usuarios.notificaciones",
        "pk": 12,
        "fields": {
            "leido": false,
            "mensaje": "alisha_azucena te ha asignado al SPRINT A",
            "timestamp": "2022-11-24T17:35:16.132Z",
            "proyecto": "Proyecto 1",
            "usuario": 2
        }
    },
    {
        "model": "Usuarios.notificaciones",
        "pk": 13,
        "fields": {
            "leido": false,
            "mensaje": "alisha_azucena te ha asignado al SPRINT A",
            "timestamp": "2022-11-24T17:35:27.354Z",
            "proyecto": "Proyecto 1",
            "usuario": 4
        }
    },
    {
        "model": "Usuarios.notificaciones",
        "pk": 14,
        "fields": {
            "leido": false,
            "mensaje": "alisha_azucenate ha asignado el US US B",
            "timestamp": "2022-11-24T17:36:06.482Z",
            "proyecto": "Proyecto 1",
            "usuario": 2
        }
    },
    {
        "model": "Usuarios.notificaciones",
        "pk": 15,
        "fields": {
            "leido": false,
            "mensaje": "alisha_azucena te ha asignado el US US C",
            "timestamp": "2022-11-24T17:36:12.296Z",
            "proyecto": "Proyecto 1",
            "usuario": 4
        }
    },
    {
        "model": "Usuarios.notificaciones",
        "pk": 16,
        "fields": {
            "leido": false,
            "mensaje": "alisha_azucena te ha asignado el US US A",
            "timestamp": "2022-11-24T17:36:24.601Z",
            "proyecto": "Proyecto 1",
            "usuario": 2
        }
    },
    {
        "model": "Usuarios.notificaciones",
        "pk": 17,
        "fields": {
            "leido": false,
            "mensaje": "alisha_azucena te ha asignado el US US A",
            "timestamp": "2022-11-24T17:36:48.502Z",
            "proyecto": "Proyecto 1",
            "usuario": 4
        }
    },
    {
        "model": "Usuarios.notificaciones",
        "pk": 18,
        "fields": {
            "leido": false,
            "mensaje": "alisha_azucena te ha asignado el US US C",
            "timestamp": "2022-11-24T17:36:54.862Z",
            "proyecto": "Proyecto 1",
            "usuario": 2
        }
    },
    {
        "model": "Usuarios.notificaciones",
        "pk": 19,
        "fields": {
            "leido": false,
            "mensaje": "alisha_azucena ha creado el Sprint 2",
            "timestamp": "2022-11-24T19:43:43.071Z",
            "proyecto": "Proyecto 1",
            "usuario": 2
        }
    },
    {
        "model": "Usuarios.notificaciones",
        "pk": 20,
        "fields": {
            "leido": false,
            "mensaje": "alisha_azucena ha creado el Sprint 2",
            "timestamp": "2022-11-24T19:43:43.109Z",
            "proyecto": "Proyecto 1",
            "usuario": 4
        }
    },
    {
        "model": "Usuarios.notificaciones",
        "pk": 21,
        "fields": {
            "leido": false,
            "mensaje": "alisha_azucena te ha asignado al Sprint 2",
            "timestamp": "2022-11-24T19:43:59.768Z",
            "proyecto": "Proyecto 1",
            "usuario": 2
        }
    },
    {
        "model": "Usuarios.notificaciones",
        "pk": 22,
        "fields": {
            "leido": false,
            "mensaje": "alisha_azucena te ha asignado al Sprint 2",
            "timestamp": "2022-11-24T19:44:06.323Z",
            "proyecto": "Proyecto 1",
            "usuario": 4
        }
    },
    {
        "model": "Usuarios.notificaciones",
        "pk": 23,
        "fields": {
            "leido": false,
            "mensaje": "alisha_azucena te ha asignado el US :US E",
            "timestamp": "2022-11-24T19:55:41.623Z",
            "proyecto": "Proyecto 1",
            "usuario": 2
        }
    },
    {
        "model": "Usuarios.notificaciones",
        "pk": 24,
        "fields": {
            "leido": false,
            "mensaje": "aramy_patricia te ha asignado como scrum master del proyecto: Proyecto 2",
            "timestamp": "2022-11-24T20:02:51.978Z",
            "proyecto": "Proyecto 2",
            "usuario": 2
        }
    },
    {
        "model": "Usuarios.notificaciones",
        "pk": 25,
        "fields": {
            "leido": false,
            "mensaje": "aramy_patricia te ha asignado como scrum master del proyecto: Proyecto 3",
            "timestamp": "2022-11-24T20:05:42.945Z",
            "proyecto": "Proyecto 3",
            "usuario": 4
        }
    },
    {
        "model": "Usuarios.notificaciones",
        "pk": 26,
        "fields": {
            "leido": false,
            "mensaje": "araceli_isabel te ha asignado como miembro del proyecto: Proyecto 3",
            "timestamp": "2022-11-24T20:23:22.061Z",
            "proyecto": "Proyecto 3",
            "usuario": 2
        }
    },
    {
        "model": "Usuarios.notificaciones",
        "pk": 27,
        "fields": {
            "leido": false,
            "mensaje": "araceli_isabel te ha asignado como miembro del proyecto: Proyecto 3",
            "timestamp": "2022-11-24T20:23:22.145Z",
            "proyecto": "Proyecto 3",
            "usuario": 3
        }
    },
    {
        "model": "Usuarios.notificaciones",
        "pk": 28,
        "fields": {
            "leido": false,
            "mensaje": "araceli_isabel te ha asignado el rol de Desarrollador",
            "timestamp": "2022-11-24T20:23:34.431Z",
            "proyecto": "Proyecto 3",
            "usuario": 2
        }
    },
    {
        "model": "Usuarios.notificaciones",
        "pk": 29,
        "fields": {
            "leido": false,
            "mensaje": "araceli_isabel te ha asignado el rol de Desarrollador Front",
            "timestamp": "2022-11-24T20:23:37.816Z",
            "proyecto": "Proyecto 3",
            "usuario": 3
        }
    },
    {
        "model": "Usuarios.notificaciones",
        "pk": 30,
        "fields": {
            "leido": false,
            "mensaje": "araceli_isabel ha creado el SPRINT 1",
            "timestamp": "2022-11-24T20:33:38.420Z",
            "proyecto": "Proyecto 3",
            "usuario": 2
        }
    },
    {
        "model": "Usuarios.notificaciones",
        "pk": 31,
        "fields": {
            "leido": false,
            "mensaje": "araceli_isabel ha creado el SPRINT 1",
            "timestamp": "2022-11-24T20:33:38.452Z",
            "proyecto": "Proyecto 3",
            "usuario": 3
        }
    },
    {
        "model": "Usuarios.notificaciones",
        "pk": 32,
        "fields": {
            "leido": false,
            "mensaje": "araceli_isabel te ha asignado al SPRINT 1",
            "timestamp": "2022-11-24T20:34:44.924Z",
            "proyecto": "Proyecto 3",
            "usuario": 2
        }
    },
    {
        "model": "Usuarios.notificaciones",
        "pk": 33,
        "fields": {
            "leido": false,
            "mensaje": "araceli_isabel te ha asignado el US :US 1",
            "timestamp": "2022-11-24T20:34:55.024Z",
            "proyecto": "Proyecto 3",
            "usuario": 2
        }
    },
    {
        "model": "Usuarios.notificaciones",
        "pk": 34,
        "fields": {
            "leido": false,
            "mensaje": "araceli_isabel ha creado el SPRINT B",
            "timestamp": "2022-11-24T20:36:23.285Z",
            "proyecto": "Proyecto 3",
            "usuario": 2
        }
    },
    {
        "model": "Usuarios.notificaciones",
        "pk": 35,
        "fields": {
            "leido": false,
            "mensaje": "araceli_isabel ha creado el SPRINT B",
            "timestamp": "2022-11-24T20:36:23.618Z",
            "proyecto": "Proyecto 3",
            "usuario": 3
        }
    },
    {
        "model": "Usuarios.notificaciones",
        "pk": 36,
        "fields": {
            "leido": false,
            "mensaje": "araceli_isabel te ha asignado al SPRINT B",
            "timestamp": "2022-11-24T20:36:44.866Z",
            "proyecto": "Proyecto 3",
            "usuario": 2
        }
    },
    {
        "model": "Usuarios.notificaciones",
        "pk": 37,
        "fields": {
            "leido": false,
            "mensaje": "araceli_isabel te ha asignado al SPRINT B",
            "timestamp": "2022-11-24T20:36:49.927Z",
            "proyecto": "Proyecto 3",
            "usuario": 3
        }
    },
    {
        "model": "Usuarios.notificaciones",
        "pk": 38,
        "fields": {
            "leido": false,
            "mensaje": "araceli_isabel te ha asignado el US :US 1",
            "timestamp": "2022-11-24T20:39:25.886Z",
            "proyecto": "Proyecto 3",
            "usuario": 2
        }
    },
    {
        "model": "Usuarios.notificaciones",
        "pk": 39,
        "fields": {
            "leido": false,
            "mensaje": "araceli_isabel te ha asignado el US :US 2",
            "timestamp": "2022-11-24T20:39:31.866Z",
            "proyecto": "Proyecto 3",
            "usuario": 2
        }
    },
    {
        "model": "Usuarios.notificaciones",
        "pk": 40,
        "fields": {
            "leido": false,
            "mensaje": "araceli_isabel te ha asignado el US :US 4",
            "timestamp": "2022-11-24T20:39:38.155Z",
            "proyecto": "Proyecto 3",
            "usuario": 3
        }
    },
    {
        "model": "Usuarios.notificaciones",
        "pk": 41,
        "fields": {
            "leido": false,
            "mensaje": "araceli_isabel te ha asignado el US :US 3",
            "timestamp": "2022-11-24T20:39:43.657Z",
            "proyecto": "Proyecto 3",
            "usuario": 3
        }
    },
    {
        "model": "permisos.rolesdesistema",
        "pk": 1,
        "fields": {
            "nombre": "administrador",
            "defecto": true,
            "descripcion": "",
            "permisos": [
                67,
                59,
                63,
                58,
                72,
                74,
                99,
                101,
                102
            ]
        }
    },
    {
        "model": "permisos.rolesdesistema",
        "pk": 2,
        "fields": {
            "nombre": "usuarios",
            "defecto": true,
            "descripcion": "",
            "permisos": [
                57
            ]
        }
    },
    {
        "model": "permisos.rolesdesistema",
        "pk": 3,
        "fields": {
            "nombre": "sin_acceso",
            "defecto": true,
            "descripcion": "",
            "permisos": []
        }
    },
    {
        "model": "permisos.rolesdesistema",
        "pk": 4,
        "fields": {
            "nombre": "Scrum Master",
            "defecto": true,
            "descripcion": "",
            "permisos": [
                57,
                70,
                69,
                66,
                67,
                68,
                60,
                62,
                61,
                64,
                65,
                71
            ]
        }
    },
    {
        "model": "permisos.rolesdesistema",
        "pk": 5,
        "fields": {
            "nombre": "Desarrollador",
            "defecto": false,
            "descripcion": "rol para desarrollador backend",
            "permisos": [
                57,
                85,
                95,
                96,
                92,
                97,
                103,
                94,
                99,
                100,
                93,
                98,
                104
            ]
        }
    },
    {
        "model": "permisos.rolesdesistema",
        "pk": 6,
        "fields": {
            "nombre": "Tester",
            "defecto": false,
            "descripcion": "Rol para QA",
            "permisos": [
                57,
                85,
                95,
                96,
                92,
                97,
                103,
                94,
                99,
                100,
                93,
                98,
                104
            ]
        }
    },
    {
        "model": "permisos.rolesdesistema",
        "pk": 7,
        "fields": {
            "nombre": "Desarrollador Front",
            "defecto": false,
            "descripcion": "Rol para desarrollador front end",
            "permisos": [
                57,
                85,
                95,
                96,
                92,
                97,
                103,
                94,
                99,
                93,
                98,
                104
            ]
        }
    },
    {
        "model": "Proyectos.rolusuario",
        "pk": 1,
        "fields": {
            "miembro": 2,
            "roles": [
                5
            ]
        }
    },
    {
        "model": "Proyectos.rolusuario",
        "pk": 2,
        "fields": {
            "miembro": 4,
            "roles": [
                6
            ]
        }
    },
    {
        "model": "Proyectos.rolusuario",
        "pk": 3,
        "fields": {
            "miembro": 2,
            "roles": [
                5
            ]
        }
    },
    {
        "model": "Proyectos.rolusuario",
        "pk": 4,
        "fields": {
            "miembro": 3,
            "roles": [
                7
            ]
        }
    },
    {
        "model": "Proyectos.historia",
        "pk": 1,
        "fields": {
            "id_proyecto": 1,
            "evento": "24/11/2022 13:53:25,aramy_patricia creó el proyecto Proyecto 1"
        }
    },
    {
        "model": "Proyectos.historia",
        "pk": 2,
        "fields": {
            "id_proyecto": 1,
            "evento": ""
        }
    },
    {
        "model": "Proyectos.historia",
        "pk": 3,
        "fields": {
            "id_proyecto": 1,
            "evento": "24/11/2022 14:06:00,alisha_azucena asignó a Jennifer Nathaly Staple Giménez al proyecto "
        }
    },
    {
        "model": "Proyectos.historia",
        "pk": 4,
        "fields": {
            "id_proyecto": 1,
            "evento": "24/11/2022 14:06:00,alisha_azucena asignó a Araceli Isabel Valenzuela Ferreira al proyecto "
        }
    },
    {
        "model": "Proyectos.historia",
        "pk": 5,
        "fields": {
            "id_proyecto": 1,
            "evento": "24/11/2022 14:07:24,alisha_azucena importó  el rol Desarrollador al proyecto "
        }
    },
    {
        "model": "Proyectos.historia",
        "pk": 6,
        "fields": {
            "id_proyecto": 1,
            "evento": "24/11/2022 14:07:24,alisha_azucena importó  el rol Tester al proyecto "
        }
    },
    {
        "model": "Proyectos.historia",
        "pk": 7,
        "fields": {
            "id_proyecto": 1,
            "evento": "24/11/2022 14:07:24,alisha_azucena importó  el rol Desarrollador Front al proyecto "
        }
    },
    {
        "model": "Proyectos.historia",
        "pk": 8,
        "fields": {
            "id_proyecto": 1,
            "evento": "24/11/2022 14:07:32,alisha_azucena asignó el rolDesarrollador al miembro Jennifer Nathaly Staple Giménez"
        }
    },
    {
        "model": "Proyectos.historia",
        "pk": 9,
        "fields": {
            "id_proyecto": 1,
            "evento": "24/11/2022 14:07:38,alisha_azucena asignó el rolTester al miembro Araceli Isabel Valenzuela Ferreira"
        }
    },
    {
        "model": "Proyectos.historia",
        "pk": 10,
        "fields": {
            "id_proyecto": 1,
            "evento": "24/11/2022 14:10:58,alisha_azucena inició el proyecto "
        }
    },
    {
        "model": "Proyectos.historia",
        "pk": 11,
        "fields": {
            "id_proyecto": 1,
            "evento": "24/11/2022 14:12:04,alisha_azucena creó el tipo de User Story TIPO 1 en el proyecto"
        }
    },
    {
        "model": "Proyectos.historia",
        "pk": 12,
        "fields": {
            "id_proyecto": 1,
            "evento": "24/11/2022 14:12:15,alisha_azucena creó el estado kanban Cancelado para el proyecto "
        }
    },
    {
        "model": "Proyectos.historia",
        "pk": 13,
        "fields": {
            "id_proyecto": 1,
            "evento": "24/11/2022 14:14:07,alisha_azucena creó el tipo de User Story TIPO 2 en el proyecto"
        }
    },
    {
        "model": "Proyectos.historia",
        "pk": 14,
        "fields": {
            "id_proyecto": 1,
            "evento": "24/11/2022 14:14:29,alisha_azucena creó el estado kanban QA para el proyecto "
        }
    },
    {
        "model": "Proyectos.historia",
        "pk": 15,
        "fields": {
            "id_proyecto": 1,
            "evento": "24/11/2022 14:15:13,alisha_azucena creó el tipo de User Story TIPO 3 en el proyecto"
        }
    },
    {
        "model": "Proyectos.historia",
        "pk": 16,
        "fields": {
            "id_proyecto": 1,
            "evento": "24/11/2022 14:15:25,alisha_azucena importó el tipo de User Story TIPO 1 en el proyecto"
        }
    },
    {
        "model": "Proyectos.historia",
        "pk": 17,
        "fields": {
            "id_proyecto": 1,
            "evento": "24/11/2022 14:15:25,alisha_azucena importó el tipo de User Story TIPO 2 en el proyecto"
        }
    },
    {
        "model": "Proyectos.historia",
        "pk": 18,
        "fields": {
            "id_proyecto": 1,
            "evento": "24/11/2022 14:15:25,alisha_azucena importó el tipo de User Story TIPO 3 en el proyecto"
        }
    },
    {
        "model": "Proyectos.historia",
        "pk": 19,
        "fields": {
            "id_proyecto": 1,
            "evento": "24/11/2022 14:29:06,alisha_azucena creó el User Story US A en el proyecto"
        }
    },
    {
        "model": "Proyectos.historia",
        "pk": 20,
        "fields": {
            "id_proyecto": 1,
            "evento": "24/11/2022 14:29:47,alisha_azucena creó el User Story US B en el proyecto"
        }
    },
    {
        "model": "Proyectos.historia",
        "pk": 21,
        "fields": {
            "id_proyecto": 1,
            "evento": "24/11/2022 14:30:20,alisha_azucena creó el User Story US C en el proyecto"
        }
    },
    {
        "model": "Proyectos.historia",
        "pk": 22,
        "fields": {
            "id_proyecto": 1,
            "evento": "24/11/2022 14:34:02,alisha_azucena creó el User Story US D en el proyecto"
        }
    },
    {
        "model": "Proyectos.historia",
        "pk": 23,
        "fields": {
            "id_proyecto": 1,
            "evento": "24/11/2022 14:35:01,alisha_azucena creó el sprint  SPRINT A"
        }
    },
    {
        "model": "Proyectos.historia",
        "pk": 24,
        "fields": {
            "id_proyecto": 1,
            "evento": "24/11/2022 14:35:16,alisha_azucena asignó al miembro  Jennifer Nathaly Staple Giménez al SPRINT A"
        }
    },
    {
        "model": "Proyectos.historia",
        "pk": 25,
        "fields": {
            "id_proyecto": 1,
            "evento": "24/11/2022 14:35:27,alisha_azucena asignó al miembro  Araceli Isabel Valenzuela Ferreira al SPRINT A"
        }
    },
    {
        "model": "Proyectos.historia",
        "pk": 26,
        "fields": {
            "id_proyecto": 1,
            "evento": "24/11/2022 14:35:43,alisha_azucena asigno el user story US B al SPRINT A"
        }
    },
    {
        "model": "Proyectos.historia",
        "pk": 27,
        "fields": {
            "id_proyecto": 1,
            "evento": "24/11/2022 14:35:44,alisha_azucena asigno el user story US C al SPRINT A"
        }
    },
    {
        "model": "Proyectos.historia",
        "pk": 28,
        "fields": {
            "id_proyecto": 1,
            "evento": "24/11/2022 14:35:46,alisha_azucena asigno el user story US A al SPRINT A"
        }
    },
    {
        "model": "Proyectos.historia",
        "pk": 29,
        "fields": {
            "id_proyecto": 1,
            "evento": "24/11/2022 14:36:06,alisha_azucena asigno el user story US B al miembro Jennifer Nathaly Staple Giménez en el SPRINT A"
        }
    },
    {
        "model": "Proyectos.historia",
        "pk": 30,
        "fields": {
            "id_proyecto": 1,
            "evento": "24/11/2022 14:36:12,alisha_azucena asigno el user story US C al miembro Araceli Isabel Valenzuela Ferreira en el SPRINT A"
        }
    },
    {
        "model": "Proyectos.historia",
        "pk": 31,
        "fields": {
            "id_proyecto": 1,
            "evento": "24/11/2022 14:36:24,alisha_azucena asigno el user story US A al miembro Jennifer Nathaly Staple Giménez en el SPRINT A"
        }
    },
    {
        "model": "Proyectos.historia",
        "pk": 32,
        "fields": {
            "id_proyecto": 1,
            "evento": "24/11/2022 14:36:48,alisha_azucena asigno el user story US A al miembro Araceli Isabel Valenzuela Ferreira en el SPRINT A"
        }
    },
    {
        "model": "Proyectos.historia",
        "pk": 33,
        "fields": {
            "id_proyecto": 1,
            "evento": "24/11/2022 14:36:54,alisha_azucena asigno el user story US C al miembro Jennifer Nathaly Staple Giménez en el SPRINT A"
        }
    },
    {
        "model": "Proyectos.historia",
        "pk": 34,
        "fields": {
            "id_proyecto": 1,
            "evento": "24/11/2022 14:37:13,alisha_azucena inicio el SPRINT A"
        }
    },
    {
        "model": "Proyectos.historia",
        "pk": 35,
        "fields": {
            "id_proyecto": 1,
            "evento": "24/11/2022 15:16:49,alisha_azucena canceló el user story US D"
        }
    },
    {
        "model": "Proyectos.historia",
        "pk": 36,
        "fields": {
            "id_proyecto": 1,
            "evento": "24/11/2022 16:43:21,alisha_azucena finalizo el SPRINT A"
        }
    },
    {
        "model": "Proyectos.historia",
        "pk": 37,
        "fields": {
            "id_proyecto": 1,
            "evento": "24/11/2022 16:43:43,alisha_azucena creó el sprint  Sprint 2"
        }
    },
    {
        "model": "Proyectos.historia",
        "pk": 38,
        "fields": {
            "id_proyecto": 1,
            "evento": "24/11/2022 16:43:59,alisha_azucena asignó al miembro  Jennifer Nathaly Staple Giménez al Sprint 2"
        }
    },
    {
        "model": "Proyectos.historia",
        "pk": 39,
        "fields": {
            "id_proyecto": 1,
            "evento": "24/11/2022 16:44:06,alisha_azucena asignó al miembro  Araceli Isabel Valenzuela Ferreira al Sprint 2"
        }
    },
    {
        "model": "Proyectos.historia",
        "pk": 40,
        "fields": {
            "id_proyecto": 1,
            "evento": "24/11/2022 16:44:37,alisha_azucena creó el User Story US E en el proyecto"
        }
    },
    {
        "model": "Proyectos.historia",
        "pk": 41,
        "fields": {
            "id_proyecto": 1,
            "evento": "24/11/2022 16:50:15,alisha_azucena creó el User Story US F en el proyecto"
        }
    },
    {
        "model": "Proyectos.historia",
        "pk": 42,
        "fields": {
            "id_proyecto": 1,
            "evento": "24/11/2022 16:55:29,alisha_azucena asigno el user story US E al Sprint 2"
        }
    },
    {
        "model": "Proyectos.historia",
        "pk": 43,
        "fields": {
            "id_proyecto": 1,
            "evento": "24/11/2022 16:55:41,alisha_azucena asigno el user story US E al miembro Jennifer Nathaly Staple Giménez en el Sprint 2"
        }
    },
    {
        "model": "Proyectos.historia",
        "pk": 44,
        "fields": {
            "id_proyecto": 1,
            "evento": "24/11/2022 16:55:46,alisha_azucena asigno el user story US F al Sprint 2"
        }
    },
    {
        "model": "Proyectos.historia",
        "pk": 45,
        "fields": {
            "id_proyecto": 1,
            "evento": "24/11/2022 16:56:14,alisha_azucena inicio el Sprint 2"
        }
    },
    {
        "model": "Proyectos.historia",
        "pk": 46,
        "fields": {
            "id_proyecto": 1,
            "evento": "24/11/2022 17:01:31,alisha_azucena finalizo el Sprint 2"
        }
    },
    {
        "model": "Proyectos.historia",
        "pk": 47,
        "fields": {
            "id_proyecto": 1,
            "evento": "24/11/2022 17:01:46,alisha_azucena finalizó el proyecto "
        }
    },
    {
        "model": "Proyectos.historia",
        "pk": 48,
        "fields": {
            "id_proyecto": 1,
            "evento": "24/11/2022 17:01:47,alisha_azucena finalizó el proyecto "
        }
    },
    {
        "model": "Proyectos.historia",
        "pk": 49,
        "fields": {
            "id_proyecto": 2,
            "evento": "24/11/2022 17:02:51,aramy_patricia creó el proyecto Proyecto 2"
        }
    },
    {
        "model": "Proyectos.historia",
        "pk": 50,
        "fields": {
            "id_proyecto": 3,
            "evento": "24/11/2022 17:05:42,aramy_patricia creó el proyecto Proyecto 3"
        }
    },
    {
        "model": "Proyectos.historia",
        "pk": 51,
        "fields": {
            "id_proyecto": 3,
            "evento": ""
        }
    },
    {
        "model": "Proyectos.historia",
        "pk": 52,
        "fields": {
            "id_proyecto": 3,
            "evento": "24/11/2022 17:23:22,araceli_isabel asignó a Jennifer Nathaly Staple Giménez al proyecto "
        }
    },
    {
        "model": "Proyectos.historia",
        "pk": 53,
        "fields": {
            "id_proyecto": 3,
            "evento": "24/11/2022 17:23:22,araceli_isabel asignó a Alisha Azucena Rotela Villalba al proyecto "
        }
    },
    {
        "model": "Proyectos.historia",
        "pk": 54,
        "fields": {
            "id_proyecto": 3,
            "evento": "24/11/2022 17:23:29,araceli_isabel importó  el rol Desarrollador al proyecto "
        }
    },
    {
        "model": "Proyectos.historia",
        "pk": 55,
        "fields": {
            "id_proyecto": 3,
            "evento": "24/11/2022 17:23:29,araceli_isabel importó  el rol Desarrollador Front al proyecto "
        }
    },
    {
        "model": "Proyectos.historia",
        "pk": 56,
        "fields": {
            "id_proyecto": 3,
            "evento": "24/11/2022 17:23:34,araceli_isabel asignó el rolDesarrollador al miembro Jennifer Nathaly Staple Giménez"
        }
    },
    {
        "model": "Proyectos.historia",
        "pk": 57,
        "fields": {
            "id_proyecto": 3,
            "evento": "24/11/2022 17:23:37,araceli_isabel asignó el rolDesarrollador Front al miembro Alisha Azucena Rotela Villalba"
        }
    },
    {
        "model": "Proyectos.historia",
        "pk": 58,
        "fields": {
            "id_proyecto": 3,
            "evento": "24/11/2022 17:23:43,araceli_isabel inició el proyecto "
        }
    },
    {
        "model": "Proyectos.historia",
        "pk": 59,
        "fields": {
            "id_proyecto": 3,
            "evento": "24/11/2022 17:27:04,araceli_isabel importó el tipo de User Story TIPO 1 en el proyecto"
        }
    },
    {
        "model": "Proyectos.historia",
        "pk": 60,
        "fields": {
            "id_proyecto": 3,
            "evento": "24/11/2022 17:27:04,araceli_isabel importó el tipo de User Story TIPO 2 en el proyecto"
        }
    },
    {
        "model": "Proyectos.historia",
        "pk": 61,
        "fields": {
            "id_proyecto": 3,
            "evento": "24/11/2022 17:30:47,araceli_isabel creó el User Story US 1 en el proyecto"
        }
    },
    {
        "model": "Proyectos.historia",
        "pk": 62,
        "fields": {
            "id_proyecto": 3,
            "evento": "24/11/2022 17:32:11,araceli_isabel creó el User Story US 2 en el proyecto"
        }
    },
    {
        "model": "Proyectos.historia",
        "pk": 63,
        "fields": {
            "id_proyecto": 3,
            "evento": "24/11/2022 17:32:33,araceli_isabel creó el User Story US 3 en el proyecto"
        }
    },
    {
        "model": "Proyectos.historia",
        "pk": 64,
        "fields": {
            "id_proyecto": 3,
            "evento": "24/11/2022 17:33:04,araceli_isabel creó el User Story US 4 en el proyecto"
        }
    },
    {
        "model": "Proyectos.historia",
        "pk": 65,
        "fields": {
            "id_proyecto": 3,
            "evento": "24/11/2022 17:33:38,araceli_isabel creó el sprint  SPRINT 1"
        }
    },
    {
        "model": "Proyectos.historia",
        "pk": 66,
        "fields": {
            "id_proyecto": 3,
            "evento": "24/11/2022 17:34:44,araceli_isabel asignó al miembro  Jennifer Nathaly Staple Giménez al SPRINT 1"
        }
    },
    {
        "model": "Proyectos.historia",
        "pk": 67,
        "fields": {
            "id_proyecto": 3,
            "evento": "24/11/2022 17:34:49,araceli_isabel asigno el user story US 1 al SPRINT 1"
        }
    },
    {
        "model": "Proyectos.historia",
        "pk": 68,
        "fields": {
            "id_proyecto": 3,
            "evento": "24/11/2022 17:34:54,araceli_isabel asigno el user story US 1 al miembro Jennifer Nathaly Staple Giménez en el SPRINT 1"
        }
    },
    {
        "model": "Proyectos.historia",
        "pk": 69,
        "fields": {
            "id_proyecto": 3,
            "evento": "24/11/2022 17:35:00,araceli_isabel inicio el SPRINT 1"
        }
    },
    {
        "model": "Proyectos.historia",
        "pk": 70,
        "fields": {
            "id_proyecto": 3,
            "evento": "24/11/2022 17:35:17,araceli_isabel cancelo el SPRINT 1"
        }
    },
    {
        "model": "Proyectos.historia",
        "pk": 71,
        "fields": {
            "id_proyecto": 3,
            "evento": "24/11/2022 17:36:22,araceli_isabel creó el sprint  SPRINT B"
        }
    },
    {
        "model": "Proyectos.historia",
        "pk": 72,
        "fields": {
            "id_proyecto": 3,
            "evento": "24/11/2022 17:36:44,araceli_isabel asignó al miembro  Jennifer Nathaly Staple Giménez al SPRINT B"
        }
    },
    {
        "model": "Proyectos.historia",
        "pk": 73,
        "fields": {
            "id_proyecto": 3,
            "evento": "24/11/2022 17:36:49,araceli_isabel asignó al miembro  Alisha Azucena Rotela Villalba al SPRINT B"
        }
    },
    {
        "model": "Proyectos.historia",
        "pk": 74,
        "fields": {
            "id_proyecto": 3,
            "evento": "24/11/2022 17:37:01,araceli_isabel asigno el user story US 2 al SPRINT B"
        }
    },
    {
        "model": "Proyectos.historia",
        "pk": 75,
        "fields": {
            "id_proyecto": 3,
            "evento": "24/11/2022 17:37:03,araceli_isabel asigno el user story US 4 al SPRINT B"
        }
    },
    {
        "model": "Proyectos.historia",
        "pk": 76,
        "fields": {
            "id_proyecto": 3,
            "evento": "24/11/2022 17:37:04,araceli_isabel asigno el user story US 3 al SPRINT B"
        }
    },
    {
        "model": "Proyectos.historia",
        "pk": 77,
        "fields": {
            "id_proyecto": 3,
            "evento": "24/11/2022 17:38:49,araceli_isabel desasigno el user story US 1 del SPRINT B"
        }
    },
    {
        "model": "Proyectos.historia",
        "pk": 78,
        "fields": {
            "id_proyecto": 3,
            "evento": "24/11/2022 17:38:49,araceli_isabel desasigno el user story US 1 del SPRINT B"
        }
    },
    {
        "model": "Proyectos.historia",
        "pk": 79,
        "fields": {
            "id_proyecto": 3,
            "evento": "24/11/2022 17:38:51,araceli_isabel asigno el user story US 1 al SPRINT B"
        }
    },
    {
        "model": "Proyectos.historia",
        "pk": 80,
        "fields": {
            "id_proyecto": 3,
            "evento": "24/11/2022 17:38:52,araceli_isabel desasigno el user story US 2 del SPRINT B"
        }
    },
    {
        "model": "Proyectos.historia",
        "pk": 81,
        "fields": {
            "id_proyecto": 3,
            "evento": "24/11/2022 17:38:55,araceli_isabel asigno el user story US 2 al SPRINT B"
        }
    },
    {
        "model": "Proyectos.historia",
        "pk": 82,
        "fields": {
            "id_proyecto": 3,
            "evento": "24/11/2022 17:38:56,araceli_isabel desasigno el user story US 4 del SPRINT B"
        }
    },
    {
        "model": "Proyectos.historia",
        "pk": 83,
        "fields": {
            "id_proyecto": 3,
            "evento": "24/11/2022 17:38:58,araceli_isabel asigno el user story US 4 al SPRINT B"
        }
    },
    {
        "model": "Proyectos.historia",
        "pk": 84,
        "fields": {
            "id_proyecto": 3,
            "evento": "24/11/2022 17:38:59,araceli_isabel desasigno el user story US 3 del SPRINT B"
        }
    },
    {
        "model": "Proyectos.historia",
        "pk": 85,
        "fields": {
            "id_proyecto": 3,
            "evento": "24/11/2022 17:39:00,araceli_isabel asigno el user story US 3 al SPRINT B"
        }
    },
    {
        "model": "Proyectos.historia",
        "pk": 86,
        "fields": {
            "id_proyecto": 3,
            "evento": "24/11/2022 17:39:25,araceli_isabel asigno el user story US 1 al miembro Jennifer Nathaly Staple Giménez en el SPRINT B"
        }
    },
    {
        "model": "Proyectos.historia",
        "pk": 87,
        "fields": {
            "id_proyecto": 3,
            "evento": "24/11/2022 17:39:31,araceli_isabel asigno el user story US 2 al miembro Jennifer Nathaly Staple Giménez en el SPRINT B"
        }
    },
    {
        "model": "Proyectos.historia",
        "pk": 88,
        "fields": {
            "id_proyecto": 3,
            "evento": "24/11/2022 17:39:38,araceli_isabel asigno el user story US 4 al miembro Alisha Azucena Rotela Villalba en el SPRINT B"
        }
    },
    {
        "model": "Proyectos.historia",
        "pk": 89,
        "fields": {
            "id_proyecto": 3,
            "evento": "24/11/2022 17:39:43,araceli_isabel asigno el user story US 3 al miembro Alisha Azucena Rotela Villalba en el SPRINT B"
        }
    },
    {
        "model": "Proyectos.historia",
        "pk": 90,
        "fields": {
            "id_proyecto": 3,
            "evento": "24/11/2022 17:44:16,araceli_isabel inicio el SPRINT B"
        }
    },
    {
        "model": "Proyectos.historia",
        "pk": 91,
        "fields": {
            "id_proyecto": 3,
            "evento": "24/11/2022 19:25:14,araceli_isabel finalizo el SPRINT B"
        }
    },
    {
        "model": "Proyectos.historia",
        "pk": 92,
        "fields": {
            "id_proyecto": 3,
            "evento": "24/11/2022 19:28:33,araceli_isabel canceló el user story US 1"
        }
    },
    {
        "model": "Proyectos.proyecto",
        "pk": 1,
        "fields": {
            "id_proyecto": "",
            "nombre": "Proyecto 1",
            "descripcion": "Proyecto 1",
            "scrumMaster": 3,
            "fecha_de_inicio": "2022-11-24T16:53:25.086Z",
            "fecha_finalizacion": null,
            "estado": "Finalizado",
            "motivo": "",
            "miembros": [
                2,
                4
            ],
            "roles": [
                5,
                6,
                7
            ],
            "usuario_roles": [
                1,
                2
            ],
            "tipo_us": [
                1,
                2,
                3
            ],
            "sprint": [
                1,
                2
            ],
            "historial": [
                1,
                3,
                4,
                5,
                6,
                7,
                8,
                9,
                10,
                11,
                12,
                13,
                14,
                15,
                16,
                17,
                18,
                19,
                20,
                21,
                22,
                23,
                24,
                25,
                26,
                27,
                28,
                29,
                30,
                31,
                32,
                33,
                34,
                35,
                36,
                37,
                38,
                39,
                40,
                41,
                42,
                43,
                44,
                45,
                46,
                47,
                48
            ]
        }
    },
    {
        "model": "Proyectos.proyecto",
        "pk": 2,
        "fields": {
            "id_proyecto": "",
            "nombre": "Proyecto 2",
            "descripcion": "Proyecto 2",
            "scrumMaster": 2,
            "fecha_de_inicio": "2022-11-24T20:02:51.844Z",
            "fecha_finalizacion": null,
            "estado": "En Planificacion",
            "motivo": "",
            "miembros": [],
            "roles": [],
            "usuario_roles": [],
            "tipo_us": [],
            "sprint": [],
            "historial": [
                49
            ]
        }
    },
    {
        "model": "Proyectos.proyecto",
        "pk": 3,
        "fields": {
            "id_proyecto": "",
            "nombre": "Proyecto 3",
            "descripcion": "Proyecto 3",
            "scrumMaster": 4,
            "fecha_de_inicio": "2022-11-24T20:05:42.111Z",
            "fecha_finalizacion": null,
            "estado": "En Curso",
            "motivo": "",
            "miembros": [
                2,
                3
            ],
            "roles": [
                5,
                7
            ],
            "usuario_roles": [
                3,
                4
            ],
            "tipo_us": [
                1,
                2
            ],
            "sprint": [
                4,
                3
            ],
            "historial": [
                50,
                52,
                53,
                54,
                55,
                56,
                57,
                58,
                59,
                60,
                61,
                62,
                63,
                64,
                65,
                66,
                67,
                68,
                69,
                70,
                71,
                72,
                73,
                74,
                75,
                76,
                77,
                78,
                79,
                80,
                81,
                82,
                83,
                84,
                85,
                86,
                87,
                88,
                89,
                90,
                91,
                92
            ]
        }
    },
    {
        "model": "UserStories.estados_kanban",
        "pk": 1,
        "fields": {
            "nombre": "Pendiente",
            "defecto": true
        }
    },
    {
        "model": "UserStories.estados_kanban",
        "pk": 2,
        "fields": {
            "nombre": "En curso",
            "defecto": true
        }
    },
    {
        "model": "UserStories.estados_kanban",
        "pk": 3,
        "fields": {
            "nombre": "Cancelado",
            "defecto": false
        }
    },
    {
        "model": "UserStories.estados_kanban",
        "pk": 4,
        "fields": {
            "nombre": "QA",
            "defecto": false
        }
    },
    {
        "model": "UserStories.estados_kanban",
        "pk": 100,
        "fields": {
            "nombre": "Finalizado",
            "defecto": true
        }
    },
    {
        "model": "UserStories.tipouserstory",
        "pk": 1,
        "fields": {
            "nombre": "TIPO 1",
            "descripcion": "Para User Stories con estados : Pendiente, En Curso , Finalizado",
            "estados_kanban": [
                1,
                2,
                100
            ]
        }
    },
    {
        "model": "UserStories.tipouserstory",
        "pk": 2,
        "fields": {
            "nombre": "TIPO 2",
            "descripcion": "Para User Stories con estados : Pendiente, En Curso , Cancelado, Finalizado",
            "estados_kanban": [
                1,
                2,
                3,
                100
            ]
        }
    },
    {
        "model": "UserStories.tipouserstory",
        "pk": 3,
        "fields": {
            "nombre": "TIPO 3",
            "descripcion": "Para User Stories con estado : Pendiente , En Curso , QA , Finalizado",
            "estados_kanban": [
                100,
                1,
                2,
                4
            ]
        }
    },
    {
        "model": "UserStories.horapordia",
        "pk": 1,
        "fields": {
            "horas": 4,
            "dia": 1,
            "user_story": 2
        }
    },
    {
        "model": "UserStories.horapordia",
        "pk": 2,
        "fields": {
            "horas": 8,
            "dia": 2,
            "user_story": 2
        }
    },
    {
        "model": "UserStories.horapordia",
        "pk": 3,
        "fields": {
            "horas": 8,
            "dia": 3,
            "user_story": 2
        }
    },
    {
        "model": "UserStories.horapordia",
        "pk": 4,
        "fields": {
            "horas": 8,
            "dia": 4,
            "user_story": 2
        }
    },
    {
        "model": "UserStories.horapordia",
        "pk": 5,
        "fields": {
            "horas": 4,
            "dia": 1,
            "user_story": 3
        }
    },
    {
        "model": "UserStories.horapordia",
        "pk": 6,
        "fields": {
            "horas": 6,
            "dia": 2,
            "user_story": 3
        }
    },
    {
        "model": "UserStories.horapordia",
        "pk": 7,
        "fields": {
            "horas": 3,
            "dia": 3,
            "user_story": 3
        }
    },
    {
        "model": "UserStories.horapordia",
        "pk": 8,
        "fields": {
            "horas": 1,
            "dia": 1,
            "user_story": 1
        }
    },
    {
        "model": "UserStories.horapordia",
        "pk": 9,
        "fields": {
            "horas": 1,
            "dia": 2,
            "user_story": 1
        }
    },
    {
        "model": "UserStories.horapordia",
        "pk": 10,
        "fields": {
            "horas": 1,
            "dia": 3,
            "user_story": 1
        }
    },
    {
        "model": "UserStories.horapordia",
        "pk": 11,
        "fields": {
            "horas": 1,
            "dia": 4,
            "user_story": 1
        }
    },
    {
        "model": "UserStories.horapordia",
        "pk": 12,
        "fields": {
            "horas": 1,
            "dia": 5,
            "user_story": 1
        }
    },
    {
        "model": "UserStories.horapordia",
        "pk": 13,
        "fields": {
            "horas": 1,
            "dia": 6,
            "user_story": 1
        }
    },
    {
        "model": "UserStories.horapordia",
        "pk": 14,
        "fields": {
            "horas": 1,
            "dia": 7,
            "user_story": 1
        }
    },
    {
        "model": "UserStories.horapordia",
        "pk": 15,
        "fields": {
            "horas": 1,
            "dia": 8,
            "user_story": 1
        }
    },
    {
        "model": "UserStories.horapordia",
        "pk": 16,
        "fields": {
            "horas": 4,
            "dia": 1,
            "user_story": 5
        }
    },
    {
        "model": "UserStories.horapordia",
        "pk": 17,
        "fields": {
            "horas": 8,
            "dia": 2,
            "user_story": 5
        }
    },
    {
        "model": "UserStories.horapordia",
        "pk": 18,
        "fields": {
            "horas": 2,
            "dia": 3,
            "user_story": 5
        }
    },
    {
        "model": "UserStories.horapordia",
        "pk": 19,
        "fields": {
            "horas": 5,
            "dia": 4,
            "user_story": 5
        }
    },
    {
        "model": "UserStories.horapordia",
        "pk": 20,
        "fields": {
            "horas": 9,
            "dia": 5,
            "user_story": 5
        }
    },
    {
        "model": "UserStories.horapordia",
        "pk": 21,
        "fields": {
            "horas": 2,
            "dia": 1,
            "user_story": 6
        }
    },
    {
        "model": "UserStories.horapordia",
        "pk": 22,
        "fields": {
            "horas": 2,
            "dia": 2,
            "user_story": 6
        }
    },
    {
        "model": "UserStories.horapordia",
        "pk": 23,
        "fields": {
            "horas": 2,
            "dia": 3,
            "user_story": 6
        }
    },
    {
        "model": "UserStories.horapordia",
        "pk": 24,
        "fields": {
            "horas": 2,
            "dia": 4,
            "user_story": 6
        }
    },
    {
        "model": "UserStories.horapordia",
        "pk": 25,
        "fields": {
            "horas": 2,
            "dia": 1,
            "user_story": 9
        }
    },
    {
        "model": "UserStories.horapordia",
        "pk": 26,
        "fields": {
            "horas": 4,
            "dia": 2,
            "user_story": 9
        }
    },
    {
        "model": "UserStories.horapordia",
        "pk": 27,
        "fields": {
            "horas": 5,
            "dia": 3,
            "user_story": 9
        }
    },
    {
        "model": "UserStories.horapordia",
        "pk": 28,
        "fields": {
            "horas": 6,
            "dia": 4,
            "user_story": 9
        }
    },
    {
        "model": "UserStories.horapordia",
        "pk": 29,
        "fields": {
            "horas": 8,
            "dia": 5,
            "user_story": 9
        }
    },
    {
        "model": "UserStories.horapordia",
        "pk": 30,
        "fields": {
            "horas": 2,
            "dia": 6,
            "user_story": 9
        }
    },
    {
        "model": "UserStories.horapordia",
        "pk": 31,
        "fields": {
            "horas": 4,
            "dia": 1,
            "user_story": 8
        }
    },
    {
        "model": "UserStories.horapordia",
        "pk": 32,
        "fields": {
            "horas": 1,
            "dia": 2,
            "user_story": 8
        }
    },
    {
        "model": "UserStories.horapordia",
        "pk": 33,
        "fields": {
            "horas": 2,
            "dia": 3,
            "user_story": 8
        }
    },
    {
        "model": "UserStories.horapordia",
        "pk": 34,
        "fields": {
            "horas": 8,
            "dia": 4,
            "user_story": 8
        }
    },
    {
        "model": "UserStories.horapordia",
        "pk": 35,
        "fields": {
            "horas": 3,
            "dia": 5,
            "user_story": 8
        }
    },
    {
        "model": "UserStories.horapordia",
        "pk": 36,
        "fields": {
            "horas": 5,
            "dia": 6,
            "user_story": 8
        }
    },
    {
        "model": "UserStories.horapordia",
        "pk": 37,
        "fields": {
            "horas": 5,
            "dia": 7,
            "user_story": 8
        }
    },
    {
        "model": "UserStories.horapordia",
        "pk": 38,
        "fields": {
            "horas": 2,
            "dia": 1,
            "user_story": 10
        }
    },
    {
        "model": "UserStories.historicaluserstories",
        "pk": 1,
        "fields": {
            "id_us": 1,
            "id_proyecto": null,
            "nombre": "US A",
            "descripcion": "US A",
            "comentarios": "Priodidad media",
            "horas_estimadas": 10,
            "PN": 4,
            "PT": 5,
            "PS": 0,
            "Prioridad": "0.00",
            "motivo_cancelacion": "",
            "en_sprint": false,
            "horas_trabajadas": 0,
            "actividad": null,
            "horas": 0,
            "tipo": 1,
            "miembro_asignado": null,
            "estado": null,
            "history_date": "2022-11-24T17:29:06.737Z",
            "history_change_reason": null,
            "history_type": "+",
            "history_user": 3
        }
    },
    {
        "model": "UserStories.historicaluserstories",
        "pk": 2,
        "fields": {
            "id_us": 1,
            "id_proyecto": 1,
            "nombre": "US A",
            "descripcion": "US A",
            "comentarios": "Priodidad media",
            "horas_estimadas": 10,
            "PN": 4,
            "PT": 5,
            "PS": 0,
            "Prioridad": "0.00",
            "motivo_cancelacion": "",
            "en_sprint": false,
            "horas_trabajadas": 0,
            "actividad": null,
            "horas": 0,
            "tipo": 1,
            "miembro_asignado": null,
            "estado": 1,
            "history_date": "2022-11-24T17:29:06.858Z",
            "history_change_reason": null,
            "history_type": "~",
            "history_user": 3
        }
    },
    {
        "model": "UserStories.historicaluserstories",
        "pk": 3,
        "fields": {
            "id_us": 1,
            "id_proyecto": 1,
            "nombre": "US A",
            "descripcion": "US A",
            "comentarios": "Priodidad media",
            "horas_estimadas": 10,
            "PN": 4,
            "PT": 5,
            "PS": 0,
            "Prioridad": "4.40",
            "motivo_cancelacion": "",
            "en_sprint": false,
            "horas_trabajadas": 0,
            "actividad": null,
            "horas": 0,
            "tipo": 1,
            "miembro_asignado": null,
            "estado": 1,
            "history_date": "2022-11-24T17:29:06.943Z",
            "history_change_reason": null,
            "history_type": "~",
            "history_user": 3
        }
    },
    {
        "model": "UserStories.historicaluserstories",
        "pk": 4,
        "fields": {
            "id_us": 2,
            "id_proyecto": null,
            "nombre": "US B",
            "descripcion": "US B",
            "comentarios": "PRIORIDAD ALTA",
            "horas_estimadas": 46,
            "PN": 8,
            "PT": 9,
            "PS": 0,
            "Prioridad": "0.00",
            "motivo_cancelacion": "",
            "en_sprint": false,
            "horas_trabajadas": 0,
            "actividad": null,
            "horas": 0,
            "tipo": 1,
            "miembro_asignado": null,
            "estado": null,
            "history_date": "2022-11-24T17:29:47.417Z",
            "history_change_reason": null,
            "history_type": "+",
            "history_user": 3
        }
    },
    {
        "model": "UserStories.historicaluserstories",
        "pk": 5,
        "fields": {
            "id_us": 2,
            "id_proyecto": 1,
            "nombre": "US B",
            "descripcion": "US B",
            "comentarios": "PRIORIDAD ALTA",
            "horas_estimadas": 46,
            "PN": 8,
            "PT": 9,
            "PS": 0,
            "Prioridad": "0.00",
            "motivo_cancelacion": "",
            "en_sprint": false,
            "horas_trabajadas": 0,
            "actividad": null,
            "horas": 0,
            "tipo": 1,
            "miembro_asignado": null,
            "estado": 1,
            "history_date": "2022-11-24T17:29:47.802Z",
            "history_change_reason": null,
            "history_type": "~",
            "history_user": 3
        }
    },
    {
        "model": "UserStories.historicaluserstories",
        "pk": 6,
        "fields": {
            "id_us": 2,
            "id_proyecto": 1,
            "nombre": "US B",
            "descripcion": "US B",
            "comentarios": "PRIORIDAD ALTA",
            "horas_estimadas": 46,
            "PN": 8,
            "PT": 9,
            "PS": 0,
            "Prioridad": "8.40",
            "motivo_cancelacion": "",
            "en_sprint": false,
            "horas_trabajadas": 0,
            "actividad": null,
            "horas": 0,
            "tipo": 1,
            "miembro_asignado": null,
            "estado": 1,
            "history_date": "2022-11-24T17:29:47.836Z",
            "history_change_reason": null,
            "history_type": "~",
            "history_user": 3
        }
    },
    {
        "model": "UserStories.historicaluserstories",
        "pk": 7,
        "fields": {
            "id_us": 3,
            "id_proyecto": null,
            "nombre": "US C",
            "descripcion": "US C",
            "comentarios": "PRIORIDAD MEDIA",
            "horas_estimadas": 15,
            "PN": 5,
            "PT": 7,
            "PS": 0,
            "Prioridad": "0.00",
            "motivo_cancelacion": "",
            "en_sprint": false,
            "horas_trabajadas": 0,
            "actividad": null,
            "horas": 0,
            "tipo": 2,
            "miembro_asignado": null,
            "estado": null,
            "history_date": "2022-11-24T17:30:20.036Z",
            "history_change_reason": null,
            "history_type": "+",
            "history_user": 3
        }
    },
    {
        "model": "UserStories.historicaluserstories",
        "pk": 8,
        "fields": {
            "id_us": 3,
            "id_proyecto": 1,
            "nombre": "US C",
            "descripcion": "US C",
            "comentarios": "PRIORIDAD MEDIA",
            "horas_estimadas": 15,
            "PN": 5,
            "PT": 7,
            "PS": 0,
            "Prioridad": "0.00",
            "motivo_cancelacion": "",
            "en_sprint": false,
            "horas_trabajadas": 0,
            "actividad": null,
            "horas": 0,
            "tipo": 2,
            "miembro_asignado": null,
            "estado": 1,
            "history_date": "2022-11-24T17:30:20.119Z",
            "history_change_reason": null,
            "history_type": "~",
            "history_user": 3
        }
    },
    {
        "model": "UserStories.historicaluserstories",
        "pk": 9,
        "fields": {
            "id_us": 3,
            "id_proyecto": 1,
            "nombre": "US C",
            "descripcion": "US C",
            "comentarios": "PRIORIDAD MEDIA",
            "horas_estimadas": 15,
            "PN": 5,
            "PT": 7,
            "PS": 0,
            "Prioridad": "5.80",
            "motivo_cancelacion": "",
            "en_sprint": false,
            "horas_trabajadas": 0,
            "actividad": null,
            "horas": 0,
            "tipo": 2,
            "miembro_asignado": null,
            "estado": 1,
            "history_date": "2022-11-24T17:30:20.152Z",
            "history_change_reason": null,
            "history_type": "~",
            "history_user": 3
        }
    },
    {
        "model": "UserStories.historicaluserstories",
        "pk": 10,
        "fields": {
            "id_us": 4,
            "id_proyecto": null,
            "nombre": "US D",
            "descripcion": "US D",
            "comentarios": "PRIORIDAD BAJA",
            "horas_estimadas": 20,
            "PN": 4,
            "PT": 2,
            "PS": 0,
            "Prioridad": "0.00",
            "motivo_cancelacion": "",
            "en_sprint": false,
            "horas_trabajadas": 0,
            "actividad": null,
            "horas": 0,
            "tipo": 3,
            "miembro_asignado": null,
            "estado": null,
            "history_date": "2022-11-24T17:34:01.912Z",
            "history_change_reason": null,
            "history_type": "+",
            "history_user": 3
        }
    },
    {
        "model": "UserStories.historicaluserstories",
        "pk": 11,
        "fields": {
            "id_us": 4,
            "id_proyecto": 1,
            "nombre": "US D",
            "descripcion": "US D",
            "comentarios": "PRIORIDAD BAJA",
            "horas_estimadas": 20,
            "PN": 4,
            "PT": 2,
            "PS": 0,
            "Prioridad": "0.00",
            "motivo_cancelacion": "",
            "en_sprint": false,
            "horas_trabajadas": 0,
            "actividad": null,
            "horas": 0,
            "tipo": 3,
            "miembro_asignado": null,
            "estado": 1,
            "history_date": "2022-11-24T17:34:01.945Z",
            "history_change_reason": null,
            "history_type": "~",
            "history_user": 3
        }
    },
    {
        "model": "UserStories.historicaluserstories",
        "pk": 12,
        "fields": {
            "id_us": 4,
            "id_proyecto": 1,
            "nombre": "US D",
            "descripcion": "US D",
            "comentarios": "PRIORIDAD BAJA",
            "horas_estimadas": 20,
            "PN": 4,
            "PT": 2,
            "PS": 0,
            "Prioridad": "3.20",
            "motivo_cancelacion": "",
            "en_sprint": false,
            "horas_trabajadas": 0,
            "actividad": null,
            "horas": 0,
            "tipo": 3,
            "miembro_asignado": null,
            "estado": 1,
            "history_date": "2022-11-24T17:34:01.979Z",
            "history_change_reason": null,
            "history_type": "~",
            "history_user": 3
        }
    },
    {
        "model": "UserStories.historicaluserstories",
        "pk": 13,
        "fields": {
            "id_us": 2,
            "id_proyecto": 1,
            "nombre": "US B",
            "descripcion": "US B",
            "comentarios": "PRIORIDAD ALTA",
            "horas_estimadas": 46,
            "PN": 8,
            "PT": 9,
            "PS": 3,
            "Prioridad": "8.40",
            "motivo_cancelacion": "",
            "en_sprint": true,
            "horas_trabajadas": 0,
            "actividad": null,
            "horas": 0,
            "tipo": 1,
            "miembro_asignado": null,
            "estado": 1,
            "history_date": "2022-11-24T17:35:42.964Z",
            "history_change_reason": null,
            "history_type": "~",
            "history_user": 3
        }
    },
    {
        "model": "UserStories.historicaluserstories",
        "pk": 14,
        "fields": {
            "id_us": 3,
            "id_proyecto": 1,
            "nombre": "US C",
            "descripcion": "US C",
            "comentarios": "PRIORIDAD MEDIA",
            "horas_estimadas": 15,
            "PN": 5,
            "PT": 7,
            "PS": 3,
            "Prioridad": "5.80",
            "motivo_cancelacion": "",
            "en_sprint": true,
            "horas_trabajadas": 0,
            "actividad": null,
            "horas": 0,
            "tipo": 2,
            "miembro_asignado": null,
            "estado": 1,
            "history_date": "2022-11-24T17:35:44.698Z",
            "history_change_reason": null,
            "history_type": "~",
            "history_user": 3
        }
    },
    {
        "model": "UserStories.historicaluserstories",
        "pk": 15,
        "fields": {
            "id_us": 1,
            "id_proyecto": 1,
            "nombre": "US A",
            "descripcion": "US A",
            "comentarios": "Priodidad media",
            "horas_estimadas": 10,
            "PN": 4,
            "PT": 5,
            "PS": 3,
            "Prioridad": "4.40",
            "motivo_cancelacion": "",
            "en_sprint": true,
            "horas_trabajadas": 0,
            "actividad": null,
            "horas": 0,
            "tipo": 1,
            "miembro_asignado": null,
            "estado": 1,
            "history_date": "2022-11-24T17:35:46.516Z",
            "history_change_reason": null,
            "history_type": "~",
            "history_user": 3
        }
    },
    {
        "model": "UserStories.historicaluserstories",
        "pk": 16,
        "fields": {
            "id_us": 2,
            "id_proyecto": 1,
            "nombre": "US B",
            "descripcion": "US B",
            "comentarios": "PRIORIDAD ALTA",
            "horas_estimadas": 46,
            "PN": 8,
            "PT": 9,
            "PS": 3,
            "Prioridad": "8.40",
            "motivo_cancelacion": "",
            "en_sprint": true,
            "horas_trabajadas": 0,
            "actividad": null,
            "horas": 0,
            "tipo": 1,
            "miembro_asignado": 2,
            "estado": 1,
            "history_date": "2022-11-24T17:36:06.338Z",
            "history_change_reason": null,
            "history_type": "~",
            "history_user": 3
        }
    },
    {
        "model": "UserStories.historicaluserstories",
        "pk": 17,
        "fields": {
            "id_us": 3,
            "id_proyecto": 1,
            "nombre": "US C",
            "descripcion": "US C",
            "comentarios": "PRIORIDAD MEDIA",
            "horas_estimadas": 15,
            "PN": 5,
            "PT": 7,
            "PS": 3,
            "Prioridad": "5.80",
            "motivo_cancelacion": "",
            "en_sprint": true,
            "horas_trabajadas": 0,
            "actividad": null,
            "horas": 0,
            "tipo": 2,
            "miembro_asignado": 4,
            "estado": 1,
            "history_date": "2022-11-24T17:36:12.146Z",
            "history_change_reason": null,
            "history_type": "~",
            "history_user": 3
        }
    },
    {
        "model": "UserStories.historicaluserstories",
        "pk": 18,
        "fields": {
            "id_us": 1,
            "id_proyecto": 1,
            "nombre": "US A",
            "descripcion": "US A",
            "comentarios": "Priodidad media",
            "horas_estimadas": 10,
            "PN": 4,
            "PT": 5,
            "PS": 3,
            "Prioridad": "4.40",
            "motivo_cancelacion": "",
            "en_sprint": true,
            "horas_trabajadas": 0,
            "actividad": null,
            "horas": 0,
            "tipo": 1,
            "miembro_asignado": 2,
            "estado": 1,
            "history_date": "2022-11-24T17:36:24.496Z",
            "history_change_reason": null,
            "history_type": "~",
            "history_user": 3
        }
    },
    {
        "model": "UserStories.historicaluserstories",
        "pk": 19,
        "fields": {
            "id_us": 1,
            "id_proyecto": 1,
            "nombre": "US A",
            "descripcion": "US A",
            "comentarios": "Priodidad media",
            "horas_estimadas": 10,
            "PN": 4,
            "PT": 5,
            "PS": 3,
            "Prioridad": "4.40",
            "motivo_cancelacion": "",
            "en_sprint": true,
            "horas_trabajadas": 0,
            "actividad": null,
            "horas": 0,
            "tipo": 1,
            "miembro_asignado": 4,
            "estado": 1,
            "history_date": "2022-11-24T17:36:48.368Z",
            "history_change_reason": null,
            "history_type": "~",
            "history_user": 3
        }
    },
    {
        "model": "UserStories.historicaluserstories",
        "pk": 20,
        "fields": {
            "id_us": 3,
            "id_proyecto": 1,
            "nombre": "US C",
            "descripcion": "US C",
            "comentarios": "PRIORIDAD MEDIA",
            "horas_estimadas": 15,
            "PN": 5,
            "PT": 7,
            "PS": 3,
            "Prioridad": "5.80",
            "motivo_cancelacion": "",
            "en_sprint": true,
            "horas_trabajadas": 0,
            "actividad": null,
            "horas": 0,
            "tipo": 2,
            "miembro_asignado": 2,
            "estado": 1,
            "history_date": "2022-11-24T17:36:54.221Z",
            "history_change_reason": null,
            "history_type": "~",
            "history_user": 3
        }
    },
    {
        "model": "UserStories.historicaluserstories",
        "pk": 21,
        "fields": {
            "id_us": 2,
            "id_proyecto": 1,
            "nombre": "US B",
            "descripcion": "US B",
            "comentarios": "PRIORIDAD ALTA",
            "horas_estimadas": 46,
            "PN": 8,
            "PT": 9,
            "PS": 3,
            "Prioridad": "8.40",
            "motivo_cancelacion": "",
            "en_sprint": true,
            "horas_trabajadas": 0,
            "actividad": "ACTIVIDAD 1",
            "horas": 0,
            "tipo": 1,
            "miembro_asignado": 2,
            "estado": 2,
            "history_date": "2022-11-24T17:55:19.268Z",
            "history_change_reason": null,
            "history_type": "~",
            "history_user": 2
        }
    },
    {
        "model": "UserStories.historicaluserstories",
        "pk": 22,
        "fields": {
            "id_us": 2,
            "id_proyecto": 1,
            "nombre": "US B",
            "descripcion": "US B",
            "comentarios": "PRIORIDAD ALTA",
            "horas_estimadas": 46,
            "PN": 8,
            "PT": 9,
            "PS": 3,
            "Prioridad": "8.40",
            "motivo_cancelacion": "",
            "en_sprint": true,
            "horas_trabajadas": 4,
            "actividad": "ACTIVIDAD 1",
            "horas": 0,
            "tipo": 1,
            "miembro_asignado": 2,
            "estado": 2,
            "history_date": "2022-11-24T17:57:45.481Z",
            "history_change_reason": null,
            "history_type": "~",
            "history_user": 2
        }
    },
    {
        "model": "UserStories.historicaluserstories",
        "pk": 23,
        "fields": {
            "id_us": 2,
            "id_proyecto": 1,
            "nombre": "US B",
            "descripcion": "US B",
            "comentarios": "PRIORIDAD ALTA",
            "horas_estimadas": 46,
            "PN": 8,
            "PT": 9,
            "PS": 3,
            "Prioridad": "8.40",
            "motivo_cancelacion": "",
            "en_sprint": true,
            "horas_trabajadas": 12,
            "actividad": "ACTIVIDAD 1",
            "horas": 0,
            "tipo": 1,
            "miembro_asignado": 2,
            "estado": 2,
            "history_date": "2022-11-24T18:15:21.587Z",
            "history_change_reason": null,
            "history_type": "~",
            "history_user": 2
        }
    },
    {
        "model": "UserStories.historicaluserstories",
        "pk": 24,
        "fields": {
            "id_us": 4,
            "id_proyecto": 1,
            "nombre": "US D",
            "descripcion": "US D",
            "comentarios": "PRIORIDAD BAJA",
            "horas_estimadas": 20,
            "PN": 4,
            "PT": 2,
            "PS": 0,
            "Prioridad": "3.20",
            "motivo_cancelacion": "Mal pnaficado",
            "en_sprint": false,
            "horas_trabajadas": 0,
            "actividad": null,
            "horas": 0,
            "tipo": 3,
            "miembro_asignado": null,
            "estado": 3,
            "history_date": "2022-11-24T18:16:49.640Z",
            "history_change_reason": null,
            "history_type": "~",
            "history_user": 3
        }
    },
    {
        "model": "UserStories.historicaluserstories",
        "pk": 25,
        "fields": {
            "id_us": 2,
            "id_proyecto": 1,
            "nombre": "US B",
            "descripcion": "US B",
            "comentarios": "PRIORIDAD ALTA",
            "horas_estimadas": 46,
            "PN": 8,
            "PT": 9,
            "PS": 3,
            "Prioridad": "8.40",
            "motivo_cancelacion": "",
            "en_sprint": true,
            "horas_trabajadas": 20,
            "actividad": "ACTIVIDAD 1",
            "horas": 0,
            "tipo": 1,
            "miembro_asignado": 2,
            "estado": 2,
            "history_date": "2022-11-24T18:35:29.076Z",
            "history_change_reason": null,
            "history_type": "~",
            "history_user": 2
        }
    },
    {
        "model": "UserStories.historicaluserstories",
        "pk": 26,
        "fields": {
            "id_us": 2,
            "id_proyecto": 1,
            "nombre": "US B",
            "descripcion": "US B",
            "comentarios": "PRIORIDAD ALTA",
            "horas_estimadas": 46,
            "PN": 8,
            "PT": 9,
            "PS": 3,
            "Prioridad": "8.40",
            "motivo_cancelacion": "",
            "en_sprint": true,
            "horas_trabajadas": 28,
            "actividad": "ACTIVIDAD 1",
            "horas": 0,
            "tipo": 1,
            "miembro_asignado": 2,
            "estado": 2,
            "history_date": "2022-11-24T18:35:34.604Z",
            "history_change_reason": null,
            "history_type": "~",
            "history_user": 2
        }
    },
    {
        "model": "UserStories.historicaluserstories",
        "pk": 27,
        "fields": {
            "id_us": 2,
            "id_proyecto": 1,
            "nombre": "US B",
            "descripcion": "US B",
            "comentarios": "PRIORIDAD ALTA",
            "horas_estimadas": 46,
            "PN": 8,
            "PT": 9,
            "PS": 3,
            "Prioridad": "8.40",
            "motivo_cancelacion": "",
            "en_sprint": true,
            "horas_trabajadas": 28,
            "actividad": "actividad principal",
            "horas": 0,
            "tipo": 1,
            "miembro_asignado": 2,
            "estado": 100,
            "history_date": "2022-11-24T18:35:49.615Z",
            "history_change_reason": null,
            "history_type": "~",
            "history_user": 2
        }
    },
    {
        "model": "UserStories.historicaluserstories",
        "pk": 28,
        "fields": {
            "id_us": 3,
            "id_proyecto": 1,
            "nombre": "US C",
            "descripcion": "US C",
            "comentarios": "PRIORIDAD MEDIA",
            "horas_estimadas": 15,
            "PN": 5,
            "PT": 7,
            "PS": 3,
            "Prioridad": "5.80",
            "motivo_cancelacion": "",
            "en_sprint": true,
            "horas_trabajadas": 0,
            "actividad": "actividad 1",
            "horas": 0,
            "tipo": 2,
            "miembro_asignado": 2,
            "estado": 2,
            "history_date": "2022-11-24T18:42:27.657Z",
            "history_change_reason": null,
            "history_type": "~",
            "history_user": 2
        }
    },
    {
        "model": "UserStories.historicaluserstories",
        "pk": 29,
        "fields": {
            "id_us": 3,
            "id_proyecto": 1,
            "nombre": "US C",
            "descripcion": "US C",
            "comentarios": "PRIORIDAD MEDIA",
            "horas_estimadas": 15,
            "PN": 5,
            "PT": 7,
            "PS": 3,
            "Prioridad": "5.80",
            "motivo_cancelacion": "",
            "en_sprint": true,
            "horas_trabajadas": 4,
            "actividad": "actividad 1",
            "horas": 0,
            "tipo": 2,
            "miembro_asignado": 2,
            "estado": 2,
            "history_date": "2022-11-24T19:29:14.276Z",
            "history_change_reason": null,
            "history_type": "~",
            "history_user": 2
        }
    },
    {
        "model": "UserStories.historicaluserstories",
        "pk": 30,
        "fields": {
            "id_us": 3,
            "id_proyecto": 1,
            "nombre": "US C",
            "descripcion": "US C",
            "comentarios": "PRIORIDAD MEDIA",
            "horas_estimadas": 15,
            "PN": 5,
            "PT": 7,
            "PS": 3,
            "Prioridad": "5.80",
            "motivo_cancelacion": "",
            "en_sprint": true,
            "horas_trabajadas": 10,
            "actividad": "actividad 1",
            "horas": 0,
            "tipo": 2,
            "miembro_asignado": 2,
            "estado": 2,
            "history_date": "2022-11-24T19:29:26.671Z",
            "history_change_reason": null,
            "history_type": "~",
            "history_user": 2
        }
    },
    {
        "model": "UserStories.historicaluserstories",
        "pk": 31,
        "fields": {
            "id_us": 3,
            "id_proyecto": 1,
            "nombre": "US C",
            "descripcion": "US C",
            "comentarios": "PRIORIDAD MEDIA",
            "horas_estimadas": 15,
            "PN": 5,
            "PT": 7,
            "PS": 3,
            "Prioridad": "5.80",
            "motivo_cancelacion": "",
            "en_sprint": true,
            "horas_trabajadas": 13,
            "actividad": "actividad 1",
            "horas": 0,
            "tipo": 2,
            "miembro_asignado": 2,
            "estado": 2,
            "history_date": "2022-11-24T19:29:33.444Z",
            "history_change_reason": null,
            "history_type": "~",
            "history_user": 2
        }
    },
    {
        "model": "UserStories.historicaluserstories",
        "pk": 32,
        "fields": {
            "id_us": 3,
            "id_proyecto": 1,
            "nombre": "US C",
            "descripcion": "US C",
            "comentarios": "PRIORIDAD MEDIA",
            "horas_estimadas": 15,
            "PN": 5,
            "PT": 7,
            "PS": 3,
            "Prioridad": "5.80",
            "motivo_cancelacion": "",
            "en_sprint": true,
            "horas_trabajadas": 13,
            "actividad": "",
            "horas": 0,
            "tipo": 2,
            "miembro_asignado": 2,
            "estado": 100,
            "history_date": "2022-11-24T19:29:41.821Z",
            "history_change_reason": null,
            "history_type": "~",
            "history_user": 2
        }
    },
    {
        "model": "UserStories.historicaluserstories",
        "pk": 33,
        "fields": {
            "id_us": 1,
            "id_proyecto": 1,
            "nombre": "US A",
            "descripcion": "US A",
            "comentarios": "Priodidad media",
            "horas_estimadas": 10,
            "PN": 4,
            "PT": 5,
            "PS": 3,
            "Prioridad": "4.40",
            "motivo_cancelacion": "",
            "en_sprint": true,
            "horas_trabajadas": 0,
            "actividad": "actividad 1",
            "horas": 0,
            "tipo": 1,
            "miembro_asignado": 4,
            "estado": 2,
            "history_date": "2022-11-24T19:41:06.945Z",
            "history_change_reason": null,
            "history_type": "~",
            "history_user": 4
        }
    },
    {
        "model": "UserStories.historicaluserstories",
        "pk": 34,
        "fields": {
            "id_us": 1,
            "id_proyecto": 1,
            "nombre": "US A",
            "descripcion": "US A",
            "comentarios": "Priodidad media",
            "horas_estimadas": 10,
            "PN": 4,
            "PT": 5,
            "PS": 3,
            "Prioridad": "4.40",
            "motivo_cancelacion": "",
            "en_sprint": true,
            "horas_trabajadas": 1,
            "actividad": "actividad 1",
            "horas": 0,
            "tipo": 1,
            "miembro_asignado": 4,
            "estado": 2,
            "history_date": "2022-11-24T19:41:13.036Z",
            "history_change_reason": null,
            "history_type": "~",
            "history_user": 4
        }
    },
    {
        "model": "UserStories.historicaluserstories",
        "pk": 35,
        "fields": {
            "id_us": 1,
            "id_proyecto": 1,
            "nombre": "US A",
            "descripcion": "US A",
            "comentarios": "Priodidad media",
            "horas_estimadas": 10,
            "PN": 4,
            "PT": 5,
            "PS": 3,
            "Prioridad": "4.40",
            "motivo_cancelacion": "",
            "en_sprint": true,
            "horas_trabajadas": 2,
            "actividad": "actividad 1",
            "horas": 0,
            "tipo": 1,
            "miembro_asignado": 4,
            "estado": 2,
            "history_date": "2022-11-24T19:41:19.306Z",
            "history_change_reason": null,
            "history_type": "~",
            "history_user": 4
        }
    },
    {
        "model": "UserStories.historicaluserstories",
        "pk": 36,
        "fields": {
            "id_us": 1,
            "id_proyecto": 1,
            "nombre": "US A",
            "descripcion": "US A",
            "comentarios": "Priodidad media",
            "horas_estimadas": 10,
            "PN": 4,
            "PT": 5,
            "PS": 3,
            "Prioridad": "4.40",
            "motivo_cancelacion": "",
            "en_sprint": true,
            "horas_trabajadas": 3,
            "actividad": "actividad 1",
            "horas": 0,
            "tipo": 1,
            "miembro_asignado": 4,
            "estado": 2,
            "history_date": "2022-11-24T19:41:22.820Z",
            "history_change_reason": null,
            "history_type": "~",
            "history_user": 4
        }
    },
    {
        "model": "UserStories.historicaluserstories",
        "pk": 37,
        "fields": {
            "id_us": 1,
            "id_proyecto": 1,
            "nombre": "US A",
            "descripcion": "US A",
            "comentarios": "Priodidad media",
            "horas_estimadas": 10,
            "PN": 4,
            "PT": 5,
            "PS": 3,
            "Prioridad": "4.40",
            "motivo_cancelacion": "",
            "en_sprint": true,
            "horas_trabajadas": 4,
            "actividad": "actividad 1",
            "horas": 0,
            "tipo": 1,
            "miembro_asignado": 4,
            "estado": 2,
            "history_date": "2022-11-24T19:41:27.028Z",
            "history_change_reason": null,
            "history_type": "~",
            "history_user": 4
        }
    },
    {
        "model": "UserStories.historicaluserstories",
        "pk": 38,
        "fields": {
            "id_us": 1,
            "id_proyecto": 1,
            "nombre": "US A",
            "descripcion": "US A",
            "comentarios": "Priodidad media",
            "horas_estimadas": 10,
            "PN": 4,
            "PT": 5,
            "PS": 3,
            "Prioridad": "4.40",
            "motivo_cancelacion": "",
            "en_sprint": true,
            "horas_trabajadas": 5,
            "actividad": "actividad 1",
            "horas": 0,
            "tipo": 1,
            "miembro_asignado": 4,
            "estado": 2,
            "history_date": "2022-11-24T19:41:31.389Z",
            "history_change_reason": null,
            "history_type": "~",
            "history_user": 4
        }
    },
    {
        "model": "UserStories.historicaluserstories",
        "pk": 39,
        "fields": {
            "id_us": 1,
            "id_proyecto": 1,
            "nombre": "US A",
            "descripcion": "US A",
            "comentarios": "Priodidad media",
            "horas_estimadas": 10,
            "PN": 4,
            "PT": 5,
            "PS": 3,
            "Prioridad": "4.40",
            "motivo_cancelacion": "",
            "en_sprint": true,
            "horas_trabajadas": 6,
            "actividad": "actividad 1",
            "horas": 0,
            "tipo": 1,
            "miembro_asignado": 4,
            "estado": 2,
            "history_date": "2022-11-24T19:41:34.753Z",
            "history_change_reason": null,
            "history_type": "~",
            "history_user": 4
        }
    },
    {
        "model": "UserStories.historicaluserstories",
        "pk": 40,
        "fields": {
            "id_us": 1,
            "id_proyecto": 1,
            "nombre": "US A",
            "descripcion": "US A",
            "comentarios": "Priodidad media",
            "horas_estimadas": 10,
            "PN": 4,
            "PT": 5,
            "PS": 3,
            "Prioridad": "4.40",
            "motivo_cancelacion": "",
            "en_sprint": true,
            "horas_trabajadas": 7,
            "actividad": "actividad 1",
            "horas": 0,
            "tipo": 1,
            "miembro_asignado": 4,
            "estado": 2,
            "history_date": "2022-11-24T19:41:38.902Z",
            "history_change_reason": null,
            "history_type": "~",
            "history_user": 4
        }
    },
    {
        "model": "UserStories.historicaluserstories",
        "pk": 41,
        "fields": {
            "id_us": 1,
            "id_proyecto": 1,
            "nombre": "US A",
            "descripcion": "US A",
            "comentarios": "Priodidad media",
            "horas_estimadas": 10,
            "PN": 4,
            "PT": 5,
            "PS": 3,
            "Prioridad": "4.40",
            "motivo_cancelacion": "",
            "en_sprint": true,
            "horas_trabajadas": 8,
            "actividad": "actividad 1",
            "horas": 0,
            "tipo": 1,
            "miembro_asignado": 4,
            "estado": 2,
            "history_date": "2022-11-24T19:41:42.976Z",
            "history_change_reason": null,
            "history_type": "~",
            "history_user": 4
        }
    },
    {
        "model": "UserStories.historicaluserstories",
        "pk": 42,
        "fields": {
            "id_us": 1,
            "id_proyecto": 1,
            "nombre": "US A",
            "descripcion": "US A",
            "comentarios": "Priodidad media",
            "horas_estimadas": 10,
            "PN": 4,
            "PT": 5,
            "PS": 3,
            "Prioridad": "4.40",
            "motivo_cancelacion": "",
            "en_sprint": true,
            "horas_trabajadas": 8,
            "actividad": "actividad 2",
            "horas": 0,
            "tipo": 1,
            "miembro_asignado": 4,
            "estado": 100,
            "history_date": "2022-11-24T19:41:49.542Z",
            "history_change_reason": null,
            "history_type": "~",
            "history_user": 4
        }
    },
    {
        "model": "UserStories.historicaluserstories",
        "pk": 43,
        "fields": {
            "id_us": 5,
            "id_proyecto": null,
            "nombre": "US E",
            "descripcion": "US E",
            "comentarios": "PRIORIDAD MEDIA",
            "horas_estimadas": 7,
            "PN": 7,
            "PT": 7,
            "PS": 0,
            "Prioridad": "0.00",
            "motivo_cancelacion": "",
            "en_sprint": false,
            "horas_trabajadas": 0,
            "actividad": null,
            "horas": 0,
            "tipo": 1,
            "miembro_asignado": null,
            "estado": null,
            "history_date": "2022-11-24T19:44:36.854Z",
            "history_change_reason": null,
            "history_type": "+",
            "history_user": 3
        }
    },
    {
        "model": "UserStories.historicaluserstories",
        "pk": 44,
        "fields": {
            "id_us": 5,
            "id_proyecto": 1,
            "nombre": "US E",
            "descripcion": "US E",
            "comentarios": "PRIORIDAD MEDIA",
            "horas_estimadas": 7,
            "PN": 7,
            "PT": 7,
            "PS": 0,
            "Prioridad": "0.00",
            "motivo_cancelacion": "",
            "en_sprint": false,
            "horas_trabajadas": 0,
            "actividad": null,
            "horas": 0,
            "tipo": 1,
            "miembro_asignado": null,
            "estado": 1,
            "history_date": "2022-11-24T19:44:36.942Z",
            "history_change_reason": null,
            "history_type": "~",
            "history_user": 3
        }
    },
    {
        "model": "UserStories.historicaluserstories",
        "pk": 45,
        "fields": {
            "id_us": 5,
            "id_proyecto": 1,
            "nombre": "US E",
            "descripcion": "US E",
            "comentarios": "PRIORIDAD MEDIA",
            "horas_estimadas": 7,
            "PN": 7,
            "PT": 7,
            "PS": 0,
            "Prioridad": "7.00",
            "motivo_cancelacion": "",
            "en_sprint": false,
            "horas_trabajadas": 0,
            "actividad": null,
            "horas": 0,
            "tipo": 1,
            "miembro_asignado": null,
            "estado": 1,
            "history_date": "2022-11-24T19:44:36.975Z",
            "history_change_reason": null,
            "history_type": "~",
            "history_user": 3
        }
    },
    {
        "model": "UserStories.historicaluserstories",
        "pk": 46,
        "fields": {
            "id_us": 6,
            "id_proyecto": null,
            "nombre": "US F",
            "descripcion": "US F",
            "comentarios": "PRIORIDAD BAJA",
            "horas_estimadas": 6,
            "PN": 4,
            "PT": 5,
            "PS": 0,
            "Prioridad": "0.00",
            "motivo_cancelacion": "",
            "en_sprint": false,
            "horas_trabajadas": 0,
            "actividad": null,
            "horas": 0,
            "tipo": 2,
            "miembro_asignado": null,
            "estado": null,
            "history_date": "2022-11-24T19:50:15.746Z",
            "history_change_reason": null,
            "history_type": "+",
            "history_user": 3
        }
    },
    {
        "model": "UserStories.historicaluserstories",
        "pk": 47,
        "fields": {
            "id_us": 6,
            "id_proyecto": 1,
            "nombre": "US F",
            "descripcion": "US F",
            "comentarios": "PRIORIDAD BAJA",
            "horas_estimadas": 6,
            "PN": 4,
            "PT": 5,
            "PS": 0,
            "Prioridad": "0.00",
            "motivo_cancelacion": "",
            "en_sprint": false,
            "horas_trabajadas": 0,
            "actividad": null,
            "horas": 0,
            "tipo": 2,
            "miembro_asignado": null,
            "estado": 1,
            "history_date": "2022-11-24T19:50:15.811Z",
            "history_change_reason": null,
            "history_type": "~",
            "history_user": 3
        }
    },
    {
        "model": "UserStories.historicaluserstories",
        "pk": 48,
        "fields": {
            "id_us": 6,
            "id_proyecto": 1,
            "nombre": "US F",
            "descripcion": "US F",
            "comentarios": "PRIORIDAD BAJA",
            "horas_estimadas": 6,
            "PN": 4,
            "PT": 5,
            "PS": 0,
            "Prioridad": "4.40",
            "motivo_cancelacion": "",
            "en_sprint": false,
            "horas_trabajadas": 0,
            "actividad": null,
            "horas": 0,
            "tipo": 2,
            "miembro_asignado": null,
            "estado": 1,
            "history_date": "2022-11-24T19:50:15.844Z",
            "history_change_reason": null,
            "history_type": "~",
            "history_user": 3
        }
    },
    {
        "model": "UserStories.historicaluserstories",
        "pk": 49,
        "fields": {
            "id_us": 5,
            "id_proyecto": 1,
            "nombre": "US E",
            "descripcion": "US E",
            "comentarios": "PRIORIDAD MEDIA",
            "horas_estimadas": 7,
            "PN": 7,
            "PT": 7,
            "PS": 3,
            "Prioridad": "7.00",
            "motivo_cancelacion": "",
            "en_sprint": true,
            "horas_trabajadas": 0,
            "actividad": null,
            "horas": 0,
            "tipo": 1,
            "miembro_asignado": null,
            "estado": 1,
            "history_date": "2022-11-24T19:55:29.229Z",
            "history_change_reason": null,
            "history_type": "~",
            "history_user": 3
        }
    },
    {
        "model": "UserStories.historicaluserstories",
        "pk": 50,
        "fields": {
            "id_us": 5,
            "id_proyecto": 1,
            "nombre": "US E",
            "descripcion": "US E",
            "comentarios": "PRIORIDAD MEDIA",
            "horas_estimadas": 7,
            "PN": 7,
            "PT": 7,
            "PS": 3,
            "Prioridad": "7.00",
            "motivo_cancelacion": "",
            "en_sprint": true,
            "horas_trabajadas": 0,
            "actividad": null,
            "horas": 0,
            "tipo": 1,
            "miembro_asignado": 2,
            "estado": 1,
            "history_date": "2022-11-24T19:55:41.466Z",
            "history_change_reason": null,
            "history_type": "~",
            "history_user": 3
        }
    },
    {
        "model": "UserStories.historicaluserstories",
        "pk": 51,
        "fields": {
            "id_us": 6,
            "id_proyecto": 1,
            "nombre": "US F",
            "descripcion": "US F",
            "comentarios": "PRIORIDAD BAJA",
            "horas_estimadas": 6,
            "PN": 4,
            "PT": 5,
            "PS": 3,
            "Prioridad": "4.40",
            "motivo_cancelacion": "",
            "en_sprint": true,
            "horas_trabajadas": 0,
            "actividad": null,
            "horas": 0,
            "tipo": 2,
            "miembro_asignado": null,
            "estado": 1,
            "history_date": "2022-11-24T19:55:45.932Z",
            "history_change_reason": null,
            "history_type": "~",
            "history_user": 3
        }
    },
    {
        "model": "UserStories.historicaluserstories",
        "pk": 52,
        "fields": {
            "id_us": 5,
            "id_proyecto": 1,
            "nombre": "US E",
            "descripcion": "US E",
            "comentarios": "PRIORIDAD MEDIA",
            "horas_estimadas": 7,
            "PN": 7,
            "PT": 7,
            "PS": 3,
            "Prioridad": "7.00",
            "motivo_cancelacion": "",
            "en_sprint": true,
            "horas_trabajadas": 0,
            "actividad": "ACTIVIDAD 1",
            "horas": 0,
            "tipo": 1,
            "miembro_asignado": 2,
            "estado": 2,
            "history_date": "2022-11-24T19:57:42.473Z",
            "history_change_reason": null,
            "history_type": "~",
            "history_user": 2
        }
    },
    {
        "model": "UserStories.historicaluserstories",
        "pk": 53,
        "fields": {
            "id_us": 5,
            "id_proyecto": 1,
            "nombre": "US E",
            "descripcion": "US E",
            "comentarios": "PRIORIDAD MEDIA",
            "horas_estimadas": 7,
            "PN": 7,
            "PT": 7,
            "PS": 3,
            "Prioridad": "7.00",
            "motivo_cancelacion": "",
            "en_sprint": true,
            "horas_trabajadas": 4,
            "actividad": "ACTIVIDAD 1",
            "horas": 0,
            "tipo": 1,
            "miembro_asignado": 2,
            "estado": 2,
            "history_date": "2022-11-24T19:58:11.101Z",
            "history_change_reason": null,
            "history_type": "~",
            "history_user": 2
        }
    },
    {
        "model": "UserStories.historicaluserstories",
        "pk": 54,
        "fields": {
            "id_us": 5,
            "id_proyecto": 1,
            "nombre": "US E",
            "descripcion": "US E",
            "comentarios": "PRIORIDAD MEDIA",
            "horas_estimadas": 7,
            "PN": 7,
            "PT": 7,
            "PS": 3,
            "Prioridad": "7.00",
            "motivo_cancelacion": "",
            "en_sprint": true,
            "horas_trabajadas": 12,
            "actividad": "ACTIVIDAD 1",
            "horas": 0,
            "tipo": 1,
            "miembro_asignado": 2,
            "estado": 2,
            "history_date": "2022-11-24T19:58:16.344Z",
            "history_change_reason": null,
            "history_type": "~",
            "history_user": 2
        }
    },
    {
        "model": "UserStories.historicaluserstories",
        "pk": 55,
        "fields": {
            "id_us": 5,
            "id_proyecto": 1,
            "nombre": "US E",
            "descripcion": "US E",
            "comentarios": "PRIORIDAD MEDIA",
            "horas_estimadas": 7,
            "PN": 7,
            "PT": 7,
            "PS": 3,
            "Prioridad": "7.00",
            "motivo_cancelacion": "",
            "en_sprint": true,
            "horas_trabajadas": 14,
            "actividad": "ACTIVIDAD 1",
            "horas": 0,
            "tipo": 1,
            "miembro_asignado": 2,
            "estado": 2,
            "history_date": "2022-11-24T19:58:20.804Z",
            "history_change_reason": null,
            "history_type": "~",
            "history_user": 2
        }
    },
    {
        "model": "UserStories.historicaluserstories",
        "pk": 56,
        "fields": {
            "id_us": 5,
            "id_proyecto": 1,
            "nombre": "US E",
            "descripcion": "US E",
            "comentarios": "PRIORIDAD MEDIA",
            "horas_estimadas": 7,
            "PN": 7,
            "PT": 7,
            "PS": 3,
            "Prioridad": "7.00",
            "motivo_cancelacion": "",
            "en_sprint": true,
            "horas_trabajadas": 19,
            "actividad": "ACTIVIDAD 1",
            "horas": 0,
            "tipo": 1,
            "miembro_asignado": 2,
            "estado": 2,
            "history_date": "2022-11-24T19:58:24.877Z",
            "history_change_reason": null,
            "history_type": "~",
            "history_user": 2
        }
    },
    {
        "model": "UserStories.historicaluserstories",
        "pk": 57,
        "fields": {
            "id_us": 5,
            "id_proyecto": 1,
            "nombre": "US E",
            "descripcion": "US E",
            "comentarios": "PRIORIDAD MEDIA",
            "horas_estimadas": 7,
            "PN": 7,
            "PT": 7,
            "PS": 3,
            "Prioridad": "7.00",
            "motivo_cancelacion": "",
            "en_sprint": true,
            "horas_trabajadas": 28,
            "actividad": "ACTIVIDAD 1",
            "horas": 0,
            "tipo": 1,
            "miembro_asignado": 2,
            "estado": 2,
            "history_date": "2022-11-24T19:58:29.535Z",
            "history_change_reason": null,
            "history_type": "~",
            "history_user": 2
        }
    },
    {
        "model": "UserStories.historicaluserstories",
        "pk": 58,
        "fields": {
            "id_us": 5,
            "id_proyecto": 1,
            "nombre": "US E",
            "descripcion": "US E",
            "comentarios": "PRIORIDAD MEDIA",
            "horas_estimadas": 7,
            "PN": 7,
            "PT": 7,
            "PS": 3,
            "Prioridad": "7.00",
            "motivo_cancelacion": "",
            "en_sprint": true,
            "horas_trabajadas": 28,
            "actividad": "ACTIVIDAD 2",
            "horas": 0,
            "tipo": 1,
            "miembro_asignado": 2,
            "estado": 100,
            "history_date": "2022-11-24T19:58:37.266Z",
            "history_change_reason": null,
            "history_type": "~",
            "history_user": 2
        }
    },
    {
        "model": "UserStories.historicaluserstories",
        "pk": 59,
        "fields": {
            "id_us": 6,
            "id_proyecto": 1,
            "nombre": "US F",
            "descripcion": "US F",
            "comentarios": "PRIORIDAD BAJA",
            "horas_estimadas": 6,
            "PN": 4,
            "PT": 5,
            "PS": 3,
            "Prioridad": "4.40",
            "motivo_cancelacion": "",
            "en_sprint": true,
            "horas_trabajadas": 0,
            "actividad": "ACTIVIDAD 1",
            "horas": 0,
            "tipo": 2,
            "miembro_asignado": null,
            "estado": 2,
            "history_date": "2022-11-24T19:58:55.257Z",
            "history_change_reason": null,
            "history_type": "~",
            "history_user": 2
        }
    },
    {
        "model": "UserStories.historicaluserstories",
        "pk": 60,
        "fields": {
            "id_us": 6,
            "id_proyecto": 1,
            "nombre": "US F",
            "descripcion": "US F",
            "comentarios": "PRIORIDAD BAJA",
            "horas_estimadas": 6,
            "PN": 4,
            "PT": 5,
            "PS": 3,
            "Prioridad": "4.40",
            "motivo_cancelacion": "",
            "en_sprint": true,
            "horas_trabajadas": 2,
            "actividad": "ACTIVIDAD 1",
            "horas": 0,
            "tipo": 2,
            "miembro_asignado": null,
            "estado": 2,
            "history_date": "2022-11-24T19:59:38.136Z",
            "history_change_reason": null,
            "history_type": "~",
            "history_user": 2
        }
    },
    {
        "model": "UserStories.historicaluserstories",
        "pk": 61,
        "fields": {
            "id_us": 6,
            "id_proyecto": 1,
            "nombre": "US F",
            "descripcion": "US F",
            "comentarios": "PRIORIDAD BAJA",
            "horas_estimadas": 6,
            "PN": 4,
            "PT": 5,
            "PS": 3,
            "Prioridad": "4.40",
            "motivo_cancelacion": "",
            "en_sprint": true,
            "horas_trabajadas": 4,
            "actividad": "ACTIVIDAD 1",
            "horas": 0,
            "tipo": 2,
            "miembro_asignado": null,
            "estado": 2,
            "history_date": "2022-11-24T19:59:45.375Z",
            "history_change_reason": null,
            "history_type": "~",
            "history_user": 2
        }
    },
    {
        "model": "UserStories.historicaluserstories",
        "pk": 62,
        "fields": {
            "id_us": 6,
            "id_proyecto": 1,
            "nombre": "US F",
            "descripcion": "US F",
            "comentarios": "PRIORIDAD BAJA",
            "horas_estimadas": 6,
            "PN": 4,
            "PT": 5,
            "PS": 3,
            "Prioridad": "4.40",
            "motivo_cancelacion": "",
            "en_sprint": true,
            "horas_trabajadas": 6,
            "actividad": "ACTIVIDAD 1",
            "horas": 0,
            "tipo": 2,
            "miembro_asignado": null,
            "estado": 2,
            "history_date": "2022-11-24T19:59:51.781Z",
            "history_change_reason": null,
            "history_type": "~",
            "history_user": 2
        }
    },
    {
        "model": "UserStories.historicaluserstories",
        "pk": 63,
        "fields": {
            "id_us": 6,
            "id_proyecto": 1,
            "nombre": "US F",
            "descripcion": "US F",
            "comentarios": "PRIORIDAD BAJA",
            "horas_estimadas": 6,
            "PN": 4,
            "PT": 5,
            "PS": 3,
            "Prioridad": "4.40",
            "motivo_cancelacion": "",
            "en_sprint": true,
            "horas_trabajadas": 8,
            "actividad": "ACTIVIDAD 1",
            "horas": 0,
            "tipo": 2,
            "miembro_asignado": null,
            "estado": 2,
            "history_date": "2022-11-24T19:59:58.629Z",
            "history_change_reason": null,
            "history_type": "~",
            "history_user": 2
        }
    },
    {
        "model": "UserStories.historicaluserstories",
        "pk": 64,
        "fields": {
            "id_us": 6,
            "id_proyecto": 1,
            "nombre": "US F",
            "descripcion": "US F",
            "comentarios": "PRIORIDAD BAJA",
            "horas_estimadas": 6,
            "PN": 4,
            "PT": 5,
            "PS": 3,
            "Prioridad": "4.40",
            "motivo_cancelacion": "",
            "en_sprint": true,
            "horas_trabajadas": 8,
            "actividad": "ACTIVIDAD 2",
            "horas": 0,
            "tipo": 2,
            "miembro_asignado": null,
            "estado": 100,
            "history_date": "2022-11-24T20:00:07.525Z",
            "history_change_reason": null,
            "history_type": "~",
            "history_user": 2
        }
    },
    {
        "model": "UserStories.historicaluserstories",
        "pk": 65,
        "fields": {
            "id_us": 7,
            "id_proyecto": null,
            "nombre": "US 1",
            "descripcion": "US 1",
            "comentarios": "PRIORIDAD ALTA",
            "horas_estimadas": 7,
            "PN": 8,
            "PT": 9,
            "PS": 0,
            "Prioridad": "0.00",
            "motivo_cancelacion": "",
            "en_sprint": false,
            "horas_trabajadas": 0,
            "actividad": null,
            "horas": 0,
            "tipo": 1,
            "miembro_asignado": null,
            "estado": null,
            "history_date": "2022-11-24T20:30:46.921Z",
            "history_change_reason": null,
            "history_type": "+",
            "history_user": 4
        }
    },
    {
        "model": "UserStories.historicaluserstories",
        "pk": 66,
        "fields": {
            "id_us": 7,
            "id_proyecto": 3,
            "nombre": "US 1",
            "descripcion": "US 1",
            "comentarios": "PRIORIDAD ALTA",
            "horas_estimadas": 7,
            "PN": 8,
            "PT": 9,
            "PS": 0,
            "Prioridad": "0.00",
            "motivo_cancelacion": "",
            "en_sprint": false,
            "horas_trabajadas": 0,
            "actividad": null,
            "horas": 0,
            "tipo": 1,
            "miembro_asignado": null,
            "estado": 1,
            "history_date": "2022-11-24T20:30:46.954Z",
            "history_change_reason": null,
            "history_type": "~",
            "history_user": 4
        }
    },
    {
        "model": "UserStories.historicaluserstories",
        "pk": 67,
        "fields": {
            "id_us": 7,
            "id_proyecto": 3,
            "nombre": "US 1",
            "descripcion": "US 1",
            "comentarios": "PRIORIDAD ALTA",
            "horas_estimadas": 7,
            "PN": 8,
            "PT": 9,
            "PS": 0,
            "Prioridad": "8.40",
            "motivo_cancelacion": "",
            "en_sprint": false,
            "horas_trabajadas": 0,
            "actividad": null,
            "horas": 0,
            "tipo": 1,
            "miembro_asignado": null,
            "estado": 1,
            "history_date": "2022-11-24T20:30:46.987Z",
            "history_change_reason": null,
            "history_type": "~",
            "history_user": 4
        }
    },
    {
        "model": "UserStories.historicaluserstories",
        "pk": 68,
        "fields": {
            "id_us": 8,
            "id_proyecto": null,
            "nombre": "US 2",
            "descripcion": "US 2",
            "comentarios": "PRIORIDAD ALTA",
            "horas_estimadas": 6,
            "PN": 8,
            "PT": 8,
            "PS": 0,
            "Prioridad": "0.00",
            "motivo_cancelacion": "",
            "en_sprint": false,
            "horas_trabajadas": 0,
            "actividad": null,
            "horas": 0,
            "tipo": 2,
            "miembro_asignado": null,
            "estado": null,
            "history_date": "2022-11-24T20:32:11.806Z",
            "history_change_reason": null,
            "history_type": "+",
            "history_user": 4
        }
    },
    {
        "model": "UserStories.historicaluserstories",
        "pk": 69,
        "fields": {
            "id_us": 8,
            "id_proyecto": 3,
            "nombre": "US 2",
            "descripcion": "US 2",
            "comentarios": "PRIORIDAD ALTA",
            "horas_estimadas": 6,
            "PN": 8,
            "PT": 8,
            "PS": 0,
            "Prioridad": "0.00",
            "motivo_cancelacion": "",
            "en_sprint": false,
            "horas_trabajadas": 0,
            "actividad": null,
            "horas": 0,
            "tipo": 2,
            "miembro_asignado": null,
            "estado": 1,
            "history_date": "2022-11-24T20:32:11.889Z",
            "history_change_reason": null,
            "history_type": "~",
            "history_user": 4
        }
    },
    {
        "model": "UserStories.historicaluserstories",
        "pk": 70,
        "fields": {
            "id_us": 8,
            "id_proyecto": 3,
            "nombre": "US 2",
            "descripcion": "US 2",
            "comentarios": "PRIORIDAD ALTA",
            "horas_estimadas": 6,
            "PN": 8,
            "PT": 8,
            "PS": 0,
            "Prioridad": "8.00",
            "motivo_cancelacion": "",
            "en_sprint": false,
            "horas_trabajadas": 0,
            "actividad": null,
            "horas": 0,
            "tipo": 2,
            "miembro_asignado": null,
            "estado": 1,
            "history_date": "2022-11-24T20:32:11.924Z",
            "history_change_reason": null,
            "history_type": "~",
            "history_user": 4
        }
    },
    {
        "model": "UserStories.historicaluserstories",
        "pk": 71,
        "fields": {
            "id_us": 9,
            "id_proyecto": null,
            "nombre": "US 3",
            "descripcion": "US 3",
            "comentarios": "PRIORIDAD BAJA",
            "horas_estimadas": 4,
            "PN": 4,
            "PT": 4,
            "PS": 0,
            "Prioridad": "0.00",
            "motivo_cancelacion": "",
            "en_sprint": false,
            "horas_trabajadas": 0,
            "actividad": null,
            "horas": 0,
            "tipo": 1,
            "miembro_asignado": null,
            "estado": null,
            "history_date": "2022-11-24T20:32:33.235Z",
            "history_change_reason": null,
            "history_type": "+",
            "history_user": 4
        }
    },
    {
        "model": "UserStories.historicaluserstories",
        "pk": 72,
        "fields": {
            "id_us": 9,
            "id_proyecto": 3,
            "nombre": "US 3",
            "descripcion": "US 3",
            "comentarios": "PRIORIDAD BAJA",
            "horas_estimadas": 4,
            "PN": 4,
            "PT": 4,
            "PS": 0,
            "Prioridad": "0.00",
            "motivo_cancelacion": "",
            "en_sprint": false,
            "horas_trabajadas": 0,
            "actividad": null,
            "horas": 0,
            "tipo": 1,
            "miembro_asignado": null,
            "estado": 1,
            "history_date": "2022-11-24T20:32:33.303Z",
            "history_change_reason": null,
            "history_type": "~",
            "history_user": 4
        }
    },
    {
        "model": "UserStories.historicaluserstories",
        "pk": 73,
        "fields": {
            "id_us": 9,
            "id_proyecto": 3,
            "nombre": "US 3",
            "descripcion": "US 3",
            "comentarios": "PRIORIDAD BAJA",
            "horas_estimadas": 4,
            "PN": 4,
            "PT": 4,
            "PS": 0,
            "Prioridad": "4.00",
            "motivo_cancelacion": "",
            "en_sprint": false,
            "horas_trabajadas": 0,
            "actividad": null,
            "horas": 0,
            "tipo": 1,
            "miembro_asignado": null,
            "estado": 1,
            "history_date": "2022-11-24T20:32:33.392Z",
            "history_change_reason": null,
            "history_type": "~",
            "history_user": 4
        }
    },
    {
        "model": "UserStories.historicaluserstories",
        "pk": 74,
        "fields": {
            "id_us": 10,
            "id_proyecto": null,
            "nombre": "US 4",
            "descripcion": "US 4",
            "comentarios": "PRIORIDAD BAJA",
            "horas_estimadas": 6,
            "PN": 5,
            "PT": 5,
            "PS": 0,
            "Prioridad": "0.00",
            "motivo_cancelacion": "",
            "en_sprint": false,
            "horas_trabajadas": 0,
            "actividad": null,
            "horas": 0,
            "tipo": 2,
            "miembro_asignado": null,
            "estado": null,
            "history_date": "2022-11-24T20:33:04.363Z",
            "history_change_reason": null,
            "history_type": "+",
            "history_user": 4
        }
    },
    {
        "model": "UserStories.historicaluserstories",
        "pk": 75,
        "fields": {
            "id_us": 10,
            "id_proyecto": 3,
            "nombre": "US 4",
            "descripcion": "US 4",
            "comentarios": "PRIORIDAD BAJA",
            "horas_estimadas": 6,
            "PN": 5,
            "PT": 5,
            "PS": 0,
            "Prioridad": "0.00",
            "motivo_cancelacion": "",
            "en_sprint": false,
            "horas_trabajadas": 0,
            "actividad": null,
            "horas": 0,
            "tipo": 2,
            "miembro_asignado": null,
            "estado": 1,
            "history_date": "2022-11-24T20:33:04.452Z",
            "history_change_reason": null,
            "history_type": "~",
            "history_user": 4
        }
    },
    {
        "model": "UserStories.historicaluserstories",
        "pk": 76,
        "fields": {
            "id_us": 10,
            "id_proyecto": 3,
            "nombre": "US 4",
            "descripcion": "US 4",
            "comentarios": "PRIORIDAD BAJA",
            "horas_estimadas": 6,
            "PN": 5,
            "PT": 5,
            "PS": 0,
            "Prioridad": "5.00",
            "motivo_cancelacion": "",
            "en_sprint": false,
            "horas_trabajadas": 0,
            "actividad": null,
            "horas": 0,
            "tipo": 2,
            "miembro_asignado": null,
            "estado": 1,
            "history_date": "2022-11-24T20:33:04.485Z",
            "history_change_reason": null,
            "history_type": "~",
            "history_user": 4
        }
    },
    {
        "model": "UserStories.historicaluserstories",
        "pk": 77,
        "fields": {
            "id_us": 7,
            "id_proyecto": 3,
            "nombre": "US 1",
            "descripcion": "US 1",
            "comentarios": "PRIORIDAD ALTA",
            "horas_estimadas": 7,
            "PN": 8,
            "PT": 9,
            "PS": 3,
            "Prioridad": "8.40",
            "motivo_cancelacion": "",
            "en_sprint": true,
            "horas_trabajadas": 0,
            "actividad": null,
            "horas": 0,
            "tipo": 1,
            "miembro_asignado": null,
            "estado": 1,
            "history_date": "2022-11-24T20:34:49.105Z",
            "history_change_reason": null,
            "history_type": "~",
            "history_user": 4
        }
    },
    {
        "model": "UserStories.historicaluserstories",
        "pk": 78,
        "fields": {
            "id_us": 7,
            "id_proyecto": 3,
            "nombre": "US 1",
            "descripcion": "US 1",
            "comentarios": "PRIORIDAD ALTA",
            "horas_estimadas": 7,
            "PN": 8,
            "PT": 9,
            "PS": 3,
            "Prioridad": "8.40",
            "motivo_cancelacion": "",
            "en_sprint": true,
            "horas_trabajadas": 0,
            "actividad": null,
            "horas": 0,
            "tipo": 1,
            "miembro_asignado": 2,
            "estado": 1,
            "history_date": "2022-11-24T20:34:54.798Z",
            "history_change_reason": null,
            "history_type": "~",
            "history_user": 4
        }
    },
    {
        "model": "UserStories.historicaluserstories",
        "pk": 79,
        "fields": {
            "id_us": 8,
            "id_proyecto": 3,
            "nombre": "US 2",
            "descripcion": "US 2",
            "comentarios": "PRIORIDAD ALTA",
            "horas_estimadas": 6,
            "PN": 8,
            "PT": 8,
            "PS": 3,
            "Prioridad": "8.00",
            "motivo_cancelacion": "",
            "en_sprint": true,
            "horas_trabajadas": 0,
            "actividad": null,
            "horas": 0,
            "tipo": 2,
            "miembro_asignado": null,
            "estado": 1,
            "history_date": "2022-11-24T20:37:01.562Z",
            "history_change_reason": null,
            "history_type": "~",
            "history_user": 4
        }
    },
    {
        "model": "UserStories.historicaluserstories",
        "pk": 80,
        "fields": {
            "id_us": 10,
            "id_proyecto": 3,
            "nombre": "US 4",
            "descripcion": "US 4",
            "comentarios": "PRIORIDAD BAJA",
            "horas_estimadas": 6,
            "PN": 5,
            "PT": 5,
            "PS": 3,
            "Prioridad": "5.00",
            "motivo_cancelacion": "",
            "en_sprint": true,
            "horas_trabajadas": 0,
            "actividad": null,
            "horas": 0,
            "tipo": 2,
            "miembro_asignado": null,
            "estado": 1,
            "history_date": "2022-11-24T20:37:03.415Z",
            "history_change_reason": null,
            "history_type": "~",
            "history_user": 4
        }
    },
    {
        "model": "UserStories.historicaluserstories",
        "pk": 81,
        "fields": {
            "id_us": 9,
            "id_proyecto": 3,
            "nombre": "US 3",
            "descripcion": "US 3",
            "comentarios": "PRIORIDAD BAJA",
            "horas_estimadas": 4,
            "PN": 4,
            "PT": 4,
            "PS": 3,
            "Prioridad": "4.00",
            "motivo_cancelacion": "",
            "en_sprint": true,
            "horas_trabajadas": 0,
            "actividad": null,
            "horas": 0,
            "tipo": 1,
            "miembro_asignado": null,
            "estado": 1,
            "history_date": "2022-11-24T20:37:04.456Z",
            "history_change_reason": null,
            "history_type": "~",
            "history_user": 4
        }
    },
    {
        "model": "UserStories.historicaluserstories",
        "pk": 82,
        "fields": {
            "id_us": 7,
            "id_proyecto": 3,
            "nombre": "US 1",
            "descripcion": "US 1",
            "comentarios": "PRIORIDAD ALTA",
            "horas_estimadas": 7,
            "PN": 8,
            "PT": 9,
            "PS": 3,
            "Prioridad": "8.40",
            "motivo_cancelacion": "",
            "en_sprint": false,
            "horas_trabajadas": 0,
            "actividad": null,
            "horas": 0,
            "tipo": 1,
            "miembro_asignado": 2,
            "estado": 1,
            "history_date": "2022-11-24T20:38:49.153Z",
            "history_change_reason": null,
            "history_type": "~",
            "history_user": 4
        }
    },
    {
        "model": "UserStories.historicaluserstories",
        "pk": 83,
        "fields": {
            "id_us": 7,
            "id_proyecto": 3,
            "nombre": "US 1",
            "descripcion": "US 1",
            "comentarios": "PRIORIDAD ALTA",
            "horas_estimadas": 7,
            "PN": 8,
            "PT": 9,
            "PS": 3,
            "Prioridad": "8.40",
            "motivo_cancelacion": "",
            "en_sprint": false,
            "horas_trabajadas": 0,
            "actividad": null,
            "horas": 0,
            "tipo": 1,
            "miembro_asignado": 2,
            "estado": 1,
            "history_date": "2022-11-24T20:38:49.446Z",
            "history_change_reason": null,
            "history_type": "~",
            "history_user": 4
        }
    },
    {
        "model": "UserStories.historicaluserstories",
        "pk": 84,
        "fields": {
            "id_us": 7,
            "id_proyecto": 3,
            "nombre": "US 1",
            "descripcion": "US 1",
            "comentarios": "PRIORIDAD ALTA",
            "horas_estimadas": 7,
            "PN": 8,
            "PT": 9,
            "PS": 6,
            "Prioridad": "8.40",
            "motivo_cancelacion": "",
            "en_sprint": true,
            "horas_trabajadas": 0,
            "actividad": null,
            "horas": 0,
            "tipo": 1,
            "miembro_asignado": 2,
            "estado": 1,
            "history_date": "2022-11-24T20:38:51.561Z",
            "history_change_reason": null,
            "history_type": "~",
            "history_user": 4
        }
    },
    {
        "model": "UserStories.historicaluserstories",
        "pk": 85,
        "fields": {
            "id_us": 8,
            "id_proyecto": 3,
            "nombre": "US 2",
            "descripcion": "US 2",
            "comentarios": "PRIORIDAD ALTA",
            "horas_estimadas": 6,
            "PN": 8,
            "PT": 8,
            "PS": 3,
            "Prioridad": "8.00",
            "motivo_cancelacion": "",
            "en_sprint": false,
            "horas_trabajadas": 0,
            "actividad": null,
            "horas": 0,
            "tipo": 2,
            "miembro_asignado": null,
            "estado": 1,
            "history_date": "2022-11-24T20:38:52.790Z",
            "history_change_reason": null,
            "history_type": "~",
            "history_user": 4
        }
    },
    {
        "model": "UserStories.historicaluserstories",
        "pk": 86,
        "fields": {
            "id_us": 8,
            "id_proyecto": 3,
            "nombre": "US 2",
            "descripcion": "US 2",
            "comentarios": "PRIORIDAD ALTA",
            "horas_estimadas": 6,
            "PN": 8,
            "PT": 8,
            "PS": 6,
            "Prioridad": "8.00",
            "motivo_cancelacion": "",
            "en_sprint": true,
            "horas_trabajadas": 0,
            "actividad": null,
            "horas": 0,
            "tipo": 2,
            "miembro_asignado": null,
            "estado": 1,
            "history_date": "2022-11-24T20:38:54.737Z",
            "history_change_reason": null,
            "history_type": "~",
            "history_user": 4
        }
    },
    {
        "model": "UserStories.historicaluserstories",
        "pk": 87,
        "fields": {
            "id_us": 10,
            "id_proyecto": 3,
            "nombre": "US 4",
            "descripcion": "US 4",
            "comentarios": "PRIORIDAD BAJA",
            "horas_estimadas": 6,
            "PN": 5,
            "PT": 5,
            "PS": 3,
            "Prioridad": "5.00",
            "motivo_cancelacion": "",
            "en_sprint": false,
            "horas_trabajadas": 0,
            "actividad": null,
            "horas": 0,
            "tipo": 2,
            "miembro_asignado": null,
            "estado": 1,
            "history_date": "2022-11-24T20:38:56.289Z",
            "history_change_reason": null,
            "history_type": "~",
            "history_user": 4
        }
    },
    {
        "model": "UserStories.historicaluserstories",
        "pk": 88,
        "fields": {
            "id_us": 10,
            "id_proyecto": 3,
            "nombre": "US 4",
            "descripcion": "US 4",
            "comentarios": "PRIORIDAD BAJA",
            "horas_estimadas": 6,
            "PN": 5,
            "PT": 5,
            "PS": 6,
            "Prioridad": "5.00",
            "motivo_cancelacion": "",
            "en_sprint": true,
            "horas_trabajadas": 0,
            "actividad": null,
            "horas": 0,
            "tipo": 2,
            "miembro_asignado": null,
            "estado": 1,
            "history_date": "2022-11-24T20:38:58.088Z",
            "history_change_reason": null,
            "history_type": "~",
            "history_user": 4
        }
    },
    {
        "model": "UserStories.historicaluserstories",
        "pk": 89,
        "fields": {
            "id_us": 9,
            "id_proyecto": 3,
            "nombre": "US 3",
            "descripcion": "US 3",
            "comentarios": "PRIORIDAD BAJA",
            "horas_estimadas": 4,
            "PN": 4,
            "PT": 4,
            "PS": 3,
            "Prioridad": "4.00",
            "motivo_cancelacion": "",
            "en_sprint": false,
            "horas_trabajadas": 0,
            "actividad": null,
            "horas": 0,
            "tipo": 1,
            "miembro_asignado": null,
            "estado": 1,
            "history_date": "2022-11-24T20:38:59.077Z",
            "history_change_reason": null,
            "history_type": "~",
            "history_user": 4
        }
    },
    {
        "model": "UserStories.historicaluserstories",
        "pk": 90,
        "fields": {
            "id_us": 9,
            "id_proyecto": 3,
            "nombre": "US 3",
            "descripcion": "US 3",
            "comentarios": "PRIORIDAD BAJA",
            "horas_estimadas": 4,
            "PN": 4,
            "PT": 4,
            "PS": 6,
            "Prioridad": "4.00",
            "motivo_cancelacion": "",
            "en_sprint": true,
            "horas_trabajadas": 0,
            "actividad": null,
            "horas": 0,
            "tipo": 1,
            "miembro_asignado": null,
            "estado": 1,
            "history_date": "2022-11-24T20:39:00.199Z",
            "history_change_reason": null,
            "history_type": "~",
            "history_user": 4
        }
    },
    {
        "model": "UserStories.historicaluserstories",
        "pk": 91,
        "fields": {
            "id_us": 7,
            "id_proyecto": 3,
            "nombre": "US 1",
            "descripcion": "US 1",
            "comentarios": "PRIORIDAD ALTA",
            "horas_estimadas": 7,
            "PN": 8,
            "PT": 9,
            "PS": 6,
            "Prioridad": "8.40",
            "motivo_cancelacion": "",
            "en_sprint": true,
            "horas_trabajadas": 0,
            "actividad": null,
            "horas": 0,
            "tipo": 1,
            "miembro_asignado": 2,
            "estado": 1,
            "history_date": "2022-11-24T20:39:25.757Z",
            "history_change_reason": null,
            "history_type": "~",
            "history_user": 4
        }
    },
    {
        "model": "UserStories.historicaluserstories",
        "pk": 92,
        "fields": {
            "id_us": 8,
            "id_proyecto": 3,
            "nombre": "US 2",
            "descripcion": "US 2",
            "comentarios": "PRIORIDAD ALTA",
            "horas_estimadas": 6,
            "PN": 8,
            "PT": 8,
            "PS": 6,
            "Prioridad": "8.00",
            "motivo_cancelacion": "",
            "en_sprint": true,
            "horas_trabajadas": 0,
            "actividad": null,
            "horas": 0,
            "tipo": 2,
            "miembro_asignado": 2,
            "estado": 1,
            "history_date": "2022-11-24T20:39:31.738Z",
            "history_change_reason": null,
            "history_type": "~",
            "history_user": 4
        }
    },
    {
        "model": "UserStories.historicaluserstories",
        "pk": 93,
        "fields": {
            "id_us": 10,
            "id_proyecto": 3,
            "nombre": "US 4",
            "descripcion": "US 4",
            "comentarios": "PRIORIDAD BAJA",
            "horas_estimadas": 6,
            "PN": 5,
            "PT": 5,
            "PS": 6,
            "Prioridad": "5.00",
            "motivo_cancelacion": "",
            "en_sprint": true,
            "horas_trabajadas": 0,
            "actividad": null,
            "horas": 0,
            "tipo": 2,
            "miembro_asignado": 3,
            "estado": 1,
            "history_date": "2022-11-24T20:39:37.987Z",
            "history_change_reason": null,
            "history_type": "~",
            "history_user": 4
        }
    },
    {
        "model": "UserStories.historicaluserstories",
        "pk": 94,
        "fields": {
            "id_us": 9,
            "id_proyecto": 3,
            "nombre": "US 3",
            "descripcion": "US 3",
            "comentarios": "PRIORIDAD BAJA",
            "horas_estimadas": 4,
            "PN": 4,
            "PT": 4,
            "PS": 6,
            "Prioridad": "4.00",
            "motivo_cancelacion": "",
            "en_sprint": true,
            "horas_trabajadas": 0,
            "actividad": null,
            "horas": 0,
            "tipo": 1,
            "miembro_asignado": 3,
            "estado": 1,
            "history_date": "2022-11-24T20:39:43.518Z",
            "history_change_reason": null,
            "history_type": "~",
            "history_user": 4
        }
    },
    {
        "model": "UserStories.historicaluserstories",
        "pk": 95,
        "fields": {
            "id_us": 7,
            "id_proyecto": 3,
            "nombre": "US 1",
            "descripcion": "US 1",
            "comentarios": "PRIORIDAD ALTA",
            "horas_estimadas": 7,
            "PN": 8,
            "PT": 9,
            "PS": 6,
            "Prioridad": "8.40",
            "motivo_cancelacion": "",
            "en_sprint": true,
            "horas_trabajadas": 0,
            "actividad": "actividad 1",
            "horas": 0,
            "tipo": 1,
            "miembro_asignado": 2,
            "estado": 2,
            "history_date": "2022-11-24T22:14:58.222Z",
            "history_change_reason": null,
            "history_type": "~",
            "history_user": 3
        }
    },
    {
        "model": "UserStories.historicaluserstories",
        "pk": 96,
        "fields": {
            "id_us": 9,
            "id_proyecto": 3,
            "nombre": "US 3",
            "descripcion": "US 3",
            "comentarios": "PRIORIDAD BAJA",
            "horas_estimadas": 4,
            "PN": 4,
            "PT": 4,
            "PS": 6,
            "Prioridad": "4.00",
            "motivo_cancelacion": "",
            "en_sprint": true,
            "horas_trabajadas": 0,
            "actividad": "actividad\r\n",
            "horas": 0,
            "tipo": 1,
            "miembro_asignado": 3,
            "estado": 2,
            "history_date": "2022-11-24T22:15:56.368Z",
            "history_change_reason": null,
            "history_type": "~",
            "history_user": 3
        }
    },
    {
        "model": "UserStories.historicaluserstories",
        "pk": 97,
        "fields": {
            "id_us": 9,
            "id_proyecto": 3,
            "nombre": "US 3",
            "descripcion": "US 3",
            "comentarios": "PRIORIDAD BAJA",
            "horas_estimadas": 4,
            "PN": 4,
            "PT": 4,
            "PS": 6,
            "Prioridad": "4.00",
            "motivo_cancelacion": "",
            "en_sprint": true,
            "horas_trabajadas": 2,
            "actividad": "actividad\r\n",
            "horas": 0,
            "tipo": 1,
            "miembro_asignado": 3,
            "estado": 2,
            "history_date": "2022-11-24T22:16:04.177Z",
            "history_change_reason": null,
            "history_type": "~",
            "history_user": 3
        }
    },
    {
        "model": "UserStories.historicaluserstories",
        "pk": 98,
        "fields": {
            "id_us": 9,
            "id_proyecto": 3,
            "nombre": "US 3",
            "descripcion": "US 3",
            "comentarios": "PRIORIDAD BAJA",
            "horas_estimadas": 4,
            "PN": 4,
            "PT": 4,
            "PS": 6,
            "Prioridad": "4.00",
            "motivo_cancelacion": "",
            "en_sprint": true,
            "horas_trabajadas": 6,
            "actividad": "actividad\r\n",
            "horas": 0,
            "tipo": 1,
            "miembro_asignado": 3,
            "estado": 2,
            "history_date": "2022-11-24T22:16:09.819Z",
            "history_change_reason": null,
            "history_type": "~",
            "history_user": 3
        }
    },
    {
        "model": "UserStories.historicaluserstories",
        "pk": 99,
        "fields": {
            "id_us": 7,
            "id_proyecto": 3,
            "nombre": "US 1",
            "descripcion": "US 1",
            "comentarios": "PRIORIDAD ALTA",
            "horas_estimadas": 7,
            "PN": 8,
            "PT": 9,
            "PS": 6,
            "Prioridad": "8.40",
            "motivo_cancelacion": "",
            "en_sprint": true,
            "horas_trabajadas": 0,
            "actividad": "actividad 3",
            "horas": 0,
            "tipo": 1,
            "miembro_asignado": 2,
            "estado": 100,
            "history_date": "2022-11-24T22:16:33.820Z",
            "history_change_reason": null,
            "history_type": "~",
            "history_user": 3
        }
    },
    {
        "model": "UserStories.historicaluserstories",
        "pk": 100,
        "fields": {
            "id_us": 9,
            "id_proyecto": 3,
            "nombre": "US 3",
            "descripcion": "US 3",
            "comentarios": "PRIORIDAD BAJA",
            "horas_estimadas": 4,
            "PN": 4,
            "PT": 4,
            "PS": 6,
            "Prioridad": "4.00",
            "motivo_cancelacion": "",
            "en_sprint": true,
            "horas_trabajadas": 11,
            "actividad": "actividad\r\n",
            "horas": 0,
            "tipo": 1,
            "miembro_asignado": 3,
            "estado": 2,
            "history_date": "2022-11-24T22:16:41.239Z",
            "history_change_reason": null,
            "history_type": "~",
            "history_user": 3
        }
    },
    {
        "model": "UserStories.historicaluserstories",
        "pk": 101,
        "fields": {
            "id_us": 9,
            "id_proyecto": 3,
            "nombre": "US 3",
            "descripcion": "US 3",
            "comentarios": "PRIORIDAD BAJA",
            "horas_estimadas": 4,
            "PN": 4,
            "PT": 4,
            "PS": 6,
            "Prioridad": "4.00",
            "motivo_cancelacion": "",
            "en_sprint": true,
            "horas_trabajadas": 17,
            "actividad": "actividad\r\n",
            "horas": 0,
            "tipo": 1,
            "miembro_asignado": 3,
            "estado": 2,
            "history_date": "2022-11-24T22:16:46.184Z",
            "history_change_reason": null,
            "history_type": "~",
            "history_user": 3
        }
    },
    {
        "model": "UserStories.historicaluserstories",
        "pk": 102,
        "fields": {
            "id_us": 9,
            "id_proyecto": 3,
            "nombre": "US 3",
            "descripcion": "US 3",
            "comentarios": "PRIORIDAD BAJA",
            "horas_estimadas": 4,
            "PN": 4,
            "PT": 4,
            "PS": 6,
            "Prioridad": "4.00",
            "motivo_cancelacion": "",
            "en_sprint": true,
            "horas_trabajadas": 25,
            "actividad": "actividad\r\n",
            "horas": 0,
            "tipo": 1,
            "miembro_asignado": 3,
            "estado": 2,
            "history_date": "2022-11-24T22:16:50.728Z",
            "history_change_reason": null,
            "history_type": "~",
            "history_user": 3
        }
    },
    {
        "model": "UserStories.historicaluserstories",
        "pk": 103,
        "fields": {
            "id_us": 9,
            "id_proyecto": 3,
            "nombre": "US 3",
            "descripcion": "US 3",
            "comentarios": "PRIORIDAD BAJA",
            "horas_estimadas": 4,
            "PN": 4,
            "PT": 4,
            "PS": 6,
            "Prioridad": "4.00",
            "motivo_cancelacion": "",
            "en_sprint": true,
            "horas_trabajadas": 27,
            "actividad": "actividad\r\n",
            "horas": 0,
            "tipo": 1,
            "miembro_asignado": 3,
            "estado": 2,
            "history_date": "2022-11-24T22:16:54.494Z",
            "history_change_reason": null,
            "history_type": "~",
            "history_user": 3
        }
    },
    {
        "model": "UserStories.historicaluserstories",
        "pk": 104,
        "fields": {
            "id_us": 8,
            "id_proyecto": 3,
            "nombre": "US 2",
            "descripcion": "US 2",
            "comentarios": "PRIORIDAD ALTA",
            "horas_estimadas": 6,
            "PN": 8,
            "PT": 8,
            "PS": 6,
            "Prioridad": "8.00",
            "motivo_cancelacion": "",
            "en_sprint": true,
            "horas_trabajadas": 0,
            "actividad": "actividad 1",
            "horas": 0,
            "tipo": 2,
            "miembro_asignado": 2,
            "estado": 2,
            "history_date": "2022-11-24T22:17:04.643Z",
            "history_change_reason": null,
            "history_type": "~",
            "history_user": 3
        }
    },
    {
        "model": "UserStories.historicaluserstories",
        "pk": 105,
        "fields": {
            "id_us": 8,
            "id_proyecto": 3,
            "nombre": "US 2",
            "descripcion": "US 2",
            "comentarios": "PRIORIDAD ALTA",
            "horas_estimadas": 6,
            "PN": 8,
            "PT": 8,
            "PS": 6,
            "Prioridad": "8.00",
            "motivo_cancelacion": "",
            "en_sprint": true,
            "horas_trabajadas": 4,
            "actividad": "actividad 1",
            "horas": 0,
            "tipo": 2,
            "miembro_asignado": 2,
            "estado": 2,
            "history_date": "2022-11-24T22:17:11.883Z",
            "history_change_reason": null,
            "history_type": "~",
            "history_user": 3
        }
    },
    {
        "model": "UserStories.historicaluserstories",
        "pk": 106,
        "fields": {
            "id_us": 8,
            "id_proyecto": 3,
            "nombre": "US 2",
            "descripcion": "US 2",
            "comentarios": "PRIORIDAD ALTA",
            "horas_estimadas": 6,
            "PN": 8,
            "PT": 8,
            "PS": 6,
            "Prioridad": "8.00",
            "motivo_cancelacion": "",
            "en_sprint": true,
            "horas_trabajadas": 5,
            "actividad": "actividad 1",
            "horas": 0,
            "tipo": 2,
            "miembro_asignado": 2,
            "estado": 2,
            "history_date": "2022-11-24T22:17:16.711Z",
            "history_change_reason": null,
            "history_type": "~",
            "history_user": 3
        }
    },
    {
        "model": "UserStories.historicaluserstories",
        "pk": 107,
        "fields": {
            "id_us": 8,
            "id_proyecto": 3,
            "nombre": "US 2",
            "descripcion": "US 2",
            "comentarios": "PRIORIDAD ALTA",
            "horas_estimadas": 6,
            "PN": 8,
            "PT": 8,
            "PS": 6,
            "Prioridad": "8.00",
            "motivo_cancelacion": "",
            "en_sprint": true,
            "horas_trabajadas": 7,
            "actividad": "actividad 1",
            "horas": 0,
            "tipo": 2,
            "miembro_asignado": 2,
            "estado": 2,
            "history_date": "2022-11-24T22:17:20.894Z",
            "history_change_reason": null,
            "history_type": "~",
            "history_user": 3
        }
    },
    {
        "model": "UserStories.historicaluserstories",
        "pk": 108,
        "fields": {
            "id_us": 8,
            "id_proyecto": 3,
            "nombre": "US 2",
            "descripcion": "US 2",
            "comentarios": "PRIORIDAD ALTA",
            "horas_estimadas": 6,
            "PN": 8,
            "PT": 8,
            "PS": 6,
            "Prioridad": "8.00",
            "motivo_cancelacion": "",
            "en_sprint": true,
            "horas_trabajadas": 15,
            "actividad": "actividad 1",
            "horas": 0,
            "tipo": 2,
            "miembro_asignado": 2,
            "estado": 2,
            "history_date": "2022-11-24T22:17:24.944Z",
            "history_change_reason": null,
            "history_type": "~",
            "history_user": 3
        }
    },
    {
        "model": "UserStories.historicaluserstories",
        "pk": 109,
        "fields": {
            "id_us": 8,
            "id_proyecto": 3,
            "nombre": "US 2",
            "descripcion": "US 2",
            "comentarios": "PRIORIDAD ALTA",
            "horas_estimadas": 6,
            "PN": 8,
            "PT": 8,
            "PS": 6,
            "Prioridad": "8.00",
            "motivo_cancelacion": "",
            "en_sprint": true,
            "horas_trabajadas": 18,
            "actividad": "actividad 1",
            "horas": 0,
            "tipo": 2,
            "miembro_asignado": 2,
            "estado": 2,
            "history_date": "2022-11-24T22:17:31.520Z",
            "history_change_reason": null,
            "history_type": "~",
            "history_user": 3
        }
    },
    {
        "model": "UserStories.historicaluserstories",
        "pk": 110,
        "fields": {
            "id_us": 8,
            "id_proyecto": 3,
            "nombre": "US 2",
            "descripcion": "US 2",
            "comentarios": "PRIORIDAD ALTA",
            "horas_estimadas": 6,
            "PN": 8,
            "PT": 8,
            "PS": 6,
            "Prioridad": "8.00",
            "motivo_cancelacion": "",
            "en_sprint": true,
            "horas_trabajadas": 23,
            "actividad": "actividad 1",
            "horas": 0,
            "tipo": 2,
            "miembro_asignado": 2,
            "estado": 2,
            "history_date": "2022-11-24T22:17:37.738Z",
            "history_change_reason": null,
            "history_type": "~",
            "history_user": 3
        }
    },
    {
        "model": "UserStories.historicaluserstories",
        "pk": 111,
        "fields": {
            "id_us": 8,
            "id_proyecto": 3,
            "nombre": "US 2",
            "descripcion": "US 2",
            "comentarios": "PRIORIDAD ALTA",
            "horas_estimadas": 6,
            "PN": 8,
            "PT": 8,
            "PS": 6,
            "Prioridad": "8.00",
            "motivo_cancelacion": "",
            "en_sprint": true,
            "horas_trabajadas": 28,
            "actividad": "actividad 1",
            "horas": 0,
            "tipo": 2,
            "miembro_asignado": 2,
            "estado": 2,
            "history_date": "2022-11-24T22:17:39.748Z",
            "history_change_reason": null,
            "history_type": "~",
            "history_user": 3
        }
    },
    {
        "model": "UserStories.historicaluserstories",
        "pk": 112,
        "fields": {
            "id_us": 8,
            "id_proyecto": 3,
            "nombre": "US 2",
            "descripcion": "US 2",
            "comentarios": "PRIORIDAD ALTA",
            "horas_estimadas": 6,
            "PN": 8,
            "PT": 8,
            "PS": 6,
            "Prioridad": "8.00",
            "motivo_cancelacion": "",
            "en_sprint": true,
            "horas_trabajadas": 28,
            "actividad": "actividad 2",
            "horas": 0,
            "tipo": 2,
            "miembro_asignado": 2,
            "estado": 100,
            "history_date": "2022-11-24T22:17:48.851Z",
            "history_change_reason": null,
            "history_type": "~",
            "history_user": 3
        }
    },
    {
        "model": "UserStories.historicaluserstories",
        "pk": 113,
        "fields": {
            "id_us": 10,
            "id_proyecto": 3,
            "nombre": "US 4",
            "descripcion": "US 4",
            "comentarios": "PRIORIDAD BAJA",
            "horas_estimadas": 6,
            "PN": 5,
            "PT": 5,
            "PS": 6,
            "Prioridad": "5.00",
            "motivo_cancelacion": "",
            "en_sprint": true,
            "horas_trabajadas": 0,
            "actividad": "actividad 1",
            "horas": 0,
            "tipo": 2,
            "miembro_asignado": 3,
            "estado": 2,
            "history_date": "2022-11-24T22:17:57.908Z",
            "history_change_reason": null,
            "history_type": "~",
            "history_user": 3
        }
    },
    {
        "model": "UserStories.historicaluserstories",
        "pk": 114,
        "fields": {
            "id_us": 10,
            "id_proyecto": 3,
            "nombre": "US 4",
            "descripcion": "US 4",
            "comentarios": "PRIORIDAD BAJA",
            "horas_estimadas": 6,
            "PN": 5,
            "PT": 5,
            "PS": 6,
            "Prioridad": "5.00",
            "motivo_cancelacion": "",
            "en_sprint": true,
            "horas_trabajadas": 2,
            "actividad": "actividad 1",
            "horas": 0,
            "tipo": 2,
            "miembro_asignado": 3,
            "estado": 2,
            "history_date": "2022-11-24T22:20:01.661Z",
            "history_change_reason": null,
            "history_type": "~",
            "history_user": 3
        }
    },
    {
        "model": "UserStories.historicaluserstories",
        "pk": 115,
        "fields": {
            "id_us": 10,
            "id_proyecto": 3,
            "nombre": "US 4",
            "descripcion": "US 4",
            "comentarios": "PRIORIDAD BAJA",
            "horas_estimadas": 6,
            "PN": 5,
            "PT": 5,
            "PS": 6,
            "Prioridad": "5.00",
            "motivo_cancelacion": "",
            "en_sprint": true,
            "horas_trabajadas": 2,
            "actividad": "actividad 3",
            "horas": 0,
            "tipo": 2,
            "miembro_asignado": 3,
            "estado": 100,
            "history_date": "2022-11-24T22:20:14.483Z",
            "history_change_reason": null,
            "history_type": "~",
            "history_user": 3
        }
    },
    {
        "model": "UserStories.historicaluserstories",
        "pk": 116,
        "fields": {
            "id_us": 7,
            "id_proyecto": 3,
            "nombre": "US 1",
            "descripcion": "US 1",
            "comentarios": "PRIORIDAD ALTA",
            "horas_estimadas": 7,
            "PN": 8,
            "PT": 9,
            "PS": 6,
            "Prioridad": "8.40",
            "motivo_cancelacion": "mal planificado",
            "en_sprint": true,
            "horas_trabajadas": 0,
            "actividad": "actividad 3",
            "horas": 0,
            "tipo": 1,
            "miembro_asignado": 2,
            "estado": 3,
            "history_date": "2022-11-24T22:28:33.886Z",
            "history_change_reason": null,
            "history_type": "~",
            "history_user": 4
        }
    },
    {
        "model": "UserStories.userstories",
        "pk": 1,
        "fields": {
            "id_proyecto": 1,
            "nombre": "US A",
            "descripcion": "US A",
            "tipo": 1,
            "miembro_asignado": 4,
            "comentarios": "Priodidad media",
            "horas_estimadas": 10,
            "PN": 4,
            "PT": 5,
            "PS": 3,
            "estado": 100,
            "Prioridad": "4.40",
            "motivo_cancelacion": "",
            "en_sprint": true,
            "horas_trabajadas": 8,
            "actividad": "actividad 2",
            "horas": 0
        }
    },
    {
        "model": "UserStories.userstories",
        "pk": 2,
        "fields": {
            "id_proyecto": 1,
            "nombre": "US B",
            "descripcion": "US B",
            "tipo": 1,
            "miembro_asignado": 2,
            "comentarios": "PRIORIDAD ALTA",
            "horas_estimadas": 46,
            "PN": 8,
            "PT": 9,
            "PS": 3,
            "estado": 100,
            "Prioridad": "8.40",
            "motivo_cancelacion": "",
            "en_sprint": true,
            "horas_trabajadas": 28,
            "actividad": "actividad principal",
            "horas": 0
        }
    },
    {
        "model": "UserStories.userstories",
        "pk": 3,
        "fields": {
            "id_proyecto": 1,
            "nombre": "US C",
            "descripcion": "US C",
            "tipo": 2,
            "miembro_asignado": 2,
            "comentarios": "PRIORIDAD MEDIA",
            "horas_estimadas": 15,
            "PN": 5,
            "PT": 7,
            "PS": 3,
            "estado": 100,
            "Prioridad": "5.80",
            "motivo_cancelacion": "",
            "en_sprint": true,
            "horas_trabajadas": 13,
            "actividad": "",
            "horas": 0
        }
    },
    {
        "model": "UserStories.userstories",
        "pk": 4,
        "fields": {
            "id_proyecto": 1,
            "nombre": "US D",
            "descripcion": "US D",
            "tipo": 3,
            "miembro_asignado": null,
            "comentarios": "PRIORIDAD BAJA",
            "horas_estimadas": 20,
            "PN": 4,
            "PT": 2,
            "PS": 0,
            "estado": 3,
            "Prioridad": "3.20",
            "motivo_cancelacion": "Mal pnaficado",
            "en_sprint": false,
            "horas_trabajadas": 0,
            "actividad": null,
            "horas": 0
        }
    },
    {
        "model": "UserStories.userstories",
        "pk": 5,
        "fields": {
            "id_proyecto": 1,
            "nombre": "US E",
            "descripcion": "US E",
            "tipo": 1,
            "miembro_asignado": 2,
            "comentarios": "PRIORIDAD MEDIA",
            "horas_estimadas": 7,
            "PN": 7,
            "PT": 7,
            "PS": 3,
            "estado": 100,
            "Prioridad": "7.00",
            "motivo_cancelacion": "",
            "en_sprint": true,
            "horas_trabajadas": 28,
            "actividad": "ACTIVIDAD 2",
            "horas": 0
        }
    },
    {
        "model": "UserStories.userstories",
        "pk": 6,
        "fields": {
            "id_proyecto": 1,
            "nombre": "US F",
            "descripcion": "US F",
            "tipo": 2,
            "miembro_asignado": null,
            "comentarios": "PRIORIDAD BAJA",
            "horas_estimadas": 6,
            "PN": 4,
            "PT": 5,
            "PS": 3,
            "estado": 100,
            "Prioridad": "4.40",
            "motivo_cancelacion": "",
            "en_sprint": true,
            "horas_trabajadas": 8,
            "actividad": "ACTIVIDAD 2",
            "horas": 0
        }
    },
    {
        "model": "UserStories.userstories",
        "pk": 7,
        "fields": {
            "id_proyecto": 3,
            "nombre": "US 1",
            "descripcion": "US 1",
            "tipo": 1,
            "miembro_asignado": 2,
            "comentarios": "PRIORIDAD ALTA",
            "horas_estimadas": 7,
            "PN": 8,
            "PT": 9,
            "PS": 6,
            "estado": 3,
            "Prioridad": "8.40",
            "motivo_cancelacion": "mal planificado",
            "en_sprint": true,
            "horas_trabajadas": 0,
            "actividad": "actividad 3",
            "horas": 0
        }
    },
    {
        "model": "UserStories.userstories",
        "pk": 8,
        "fields": {
            "id_proyecto": 3,
            "nombre": "US 2",
            "descripcion": "US 2",
            "tipo": 2,
            "miembro_asignado": 2,
            "comentarios": "PRIORIDAD ALTA",
            "horas_estimadas": 6,
            "PN": 8,
            "PT": 8,
            "PS": 6,
            "estado": 100,
            "Prioridad": "8.00",
            "motivo_cancelacion": "",
            "en_sprint": true,
            "horas_trabajadas": 28,
            "actividad": "actividad 2",
            "horas": 0
        }
    },
    {
        "model": "UserStories.userstories",
        "pk": 9,
        "fields": {
            "id_proyecto": 3,
            "nombre": "US 3",
            "descripcion": "US 3",
            "tipo": 1,
            "miembro_asignado": 3,
            "comentarios": "PRIORIDAD BAJA",
            "horas_estimadas": 4,
            "PN": 4,
            "PT": 4,
            "PS": 6,
            "estado": 2,
            "Prioridad": "4.00",
            "motivo_cancelacion": "",
            "en_sprint": true,
            "horas_trabajadas": 27,
            "actividad": "actividad\r\n",
            "horas": 0
        }
    },
    {
        "model": "UserStories.userstories",
        "pk": 10,
        "fields": {
            "id_proyecto": 3,
            "nombre": "US 4",
            "descripcion": "US 4",
            "tipo": 2,
            "miembro_asignado": 3,
            "comentarios": "PRIORIDAD BAJA",
            "horas_estimadas": 6,
            "PN": 5,
            "PT": 5,
            "PS": 6,
            "estado": 100,
            "Prioridad": "5.00",
            "motivo_cancelacion": "",
            "en_sprint": true,
            "horas_trabajadas": 2,
            "actividad": "actividad 3",
            "horas": 0
        }
    },
    {
        "model": "Sprint.sprint",
        "pk": 1,
        "fields": {
            "id_sprint": "",
            "nombre_sprint": "SPRINT A",
            "duracion_sprint": 10,
            "fecha_creacion": "2022-11-24T17:35:00.014Z",
            "fecha_inicio": "2022-11-24T17:37:13.736Z",
            "fecha_fin": "2022-11-24T19:43:21.775Z",
            "descripcion": "Primer Sprint del Proyecto",
            "estado_sprint": "Finalizado",
            "id_proyecto": 1,
            "capacidad": 160,
            "capacidad_us": 71,
            "capacidad_equipo": 16,
            "historias": [
                1,
                2,
                3
            ]
        }
    },
    {
        "model": "Sprint.sprint",
        "pk": 2,
        "fields": {
            "id_sprint": "",
            "nombre_sprint": "Sprint 2",
            "duracion_sprint": 7,
            "fecha_creacion": "2022-11-24T19:43:42.885Z",
            "fecha_inicio": "2022-11-24T19:56:14.790Z",
            "fecha_fin": "2022-11-24T20:01:30.370Z",
            "descripcion": "Sprint 2",
            "estado_sprint": "Finalizado",
            "id_proyecto": 1,
            "capacidad": 105,
            "capacidad_us": 13,
            "capacidad_equipo": 15,
            "historias": [
                5,
                6
            ]
        }
    },
    {
        "model": "Sprint.sprint",
        "pk": 3,
        "fields": {
            "id_sprint": "",
            "nombre_sprint": "SPRINT 1",
            "duracion_sprint": 7,
            "fecha_creacion": "2022-11-24T20:33:38.311Z",
            "fecha_inicio": "2022-11-24T20:35:00.009Z",
            "fecha_fin": "2022-11-24T20:35:17.020Z",
            "descripcion": "SPRINT 1",
            "estado_sprint": "Cancelado",
            "id_proyecto": 3,
            "capacidad": 49,
            "capacidad_us": 7,
            "capacidad_equipo": 7,
            "historias": [
                7
            ]
        }
    },
    {
        "model": "Sprint.sprint",
        "pk": 4,
        "fields": {
            "id_sprint": "",
            "nombre_sprint": "SPRINT B",
            "duracion_sprint": 7,
            "fecha_creacion": "2022-11-24T20:36:22.158Z",
            "fecha_inicio": "2022-11-24T20:44:16.755Z",
            "fecha_fin": "2022-11-24T22:25:14.041Z",
            "descripcion": "SPRINT B",
            "estado_sprint": "Finalizado",
            "id_proyecto": 3,
            "capacidad": 98,
            "capacidad_us": 23,
            "capacidad_equipo": 14,
            "historias": [
                7,
                8,
                9,
                10
            ]
        }
    },
    {
        "model": "Sprint.sprintmiembros",
        "pk": 1,
        "fields": {
            "sprint": 1,
            "miembro": 2,
            "capacidad_miembro": 8,
            "us_asignado": null,
            "proyecto": 1
        }
    },
    {
        "model": "Sprint.sprintmiembros",
        "pk": 2,
        "fields": {
            "sprint": 1,
            "miembro": 4,
            "capacidad_miembro": 8,
            "us_asignado": null,
            "proyecto": 1
        }
    },
    {
        "model": "Sprint.sprintmiembros",
        "pk": 3,
        "fields": {
            "sprint": 2,
            "miembro": 2,
            "capacidad_miembro": 8,
            "us_asignado": null,
            "proyecto": 1
        }
    },
    {
        "model": "Sprint.sprintmiembros",
        "pk": 4,
        "fields": {
            "sprint": 2,
            "miembro": 4,
            "capacidad_miembro": 7,
            "us_asignado": null,
            "proyecto": 1
        }
    },
    {
        "model": "Sprint.sprintmiembros",
        "pk": 5,
        "fields": {
            "sprint": 3,
            "miembro": 2,
            "capacidad_miembro": 7,
            "us_asignado": null,
            "proyecto": 3
        }
    },
    {
        "model": "Sprint.sprintmiembros",
        "pk": 6,
        "fields": {
            "sprint": 4,
            "miembro": 2,
            "capacidad_miembro": 7,
            "us_asignado": null,
            "proyecto": 3
        }
    },
    {
        "model": "Sprint.sprintmiembros",
        "pk": 7,
        "fields": {
            "sprint": 4,
            "miembro": 3,
            "capacidad_miembro": 7,
            "us_asignado": null,
            "proyecto": 3
        }
    }
]