[
   
    {
      "model": "auth.group",
      "pk": 1,
      "fields": {
        "name": "administrador",
        "permissions": [57, 61, 56, 53, 59, 54, 63, 58, 60]
      }
    },
    {
      "model": "auth.group",
      "pk": 2,
      "fields": { "name": "usuarios", "permissions": [55] }
    },
    {
      "model": "auth.group",
      "pk": 3,
      "fields": { "name": "sin_acceso", "permissions": [] }
    },
    {
      "model": "auth.group",
      "pk": 4,
      "fields": {
        "name": "Desarrollador front",
        "permissions": [55, 74, 85, 66, 81, 63, 58, 84, 60]
      }
    },
    {
      "model": "auth.group",
      "pk": 5,
      "fields": {
        "name": "QA",
        "permissions": [55, 74, 85, 66, 81, 63, 58, 84, 60]
      }
    },
    {
      "model": "auth.user",
      "pk": 1,
      "fields": {
        "password": "!kMwaQn2LJvOrKzB3ZeXgo2FaxT84O4av3llN8hcQ",
        "last_login": "2022-11-03T23:44:42.305Z",
        "is_superuser": false,
        "username": "alisha_azucena",
        "first_name": "Alisha Azucena",
        "last_name": "Rotela Villalba",
        "email": "alisharotela2@fpuna.edu.py",
        "is_staff": false,
        "is_active": true,
        "date_joined": "2022-11-03T23:44:28.843Z",
        "groups": [1],
        "user_permissions": []
      }
    },
    {
      "model": "auth.user",
      "pk": 2,
      "fields": {
        "password": "!4Soz8ItSd93Ktgw8LnzKRqkL30JeaHSmvKE1YnM2",
        "last_login": "2022-11-03T23:47:00.551Z",
        "is_superuser": false,
        "username": "aramy_patricia",
        "first_name": "Aramy Patricia",
        "last_name": "Rolon Cardenas",
        "email": "aramypatricia@fpuna.edu.py",
        "is_staff": false,
        "is_active": true,
        "date_joined": "2022-11-03T23:45:55.425Z",
        "groups": [2],
        "user_permissions": []
      }
    },
    {
      "model": "auth.user",
      "pk": 3,
      "fields": {
        "password": "!mdEu2esCTwiiZrHrd9W91CGZYocDyd8ICH730KRH",
        "last_login": "2022-11-03T23:46:02.947Z",
        "is_superuser": false,
        "username": "jennifer_nathaly",
        "first_name": "Jennifer Nathaly",
        "last_name": "Staple Giménez",
        "email": "jenny.staple@fpuna.edu.py",
        "is_staff": false,
        "is_active": true,
        "date_joined": "2022-11-03T23:46:02.880Z",
        "groups": [2],
        "user_permissions": []
      }
    },
    {
      "model": "auth.user",
      "pk": 4,
      "fields": {
        "password": "!5XG0agjk1KHsTqdX9NI3bM54nGXXvwlEesM0J0eK",
        "last_login": "2022-11-03T23:46:12.771Z",
        "is_superuser": false,
        "username": "luis_fernando",
        "first_name": "Luis Fernando",
        "last_name": "Ríos Alvarez",
        "email": "luis.fer334@fpuna.edu.py",
        "is_staff": false,
        "is_active": true,
        "date_joined": "2022-11-03T23:46:12.712Z",
        "groups": [2],
        "user_permissions": []
      }
    },
        {
      "model": "sessions.session",
      "pk": "5vt8j0bx97xz0qndvo2l6sgzii856ik1",
      "fields": {
        "session_data": ".eJxVjMEOgjAQRP-lZ0NauwutN_mRZtndBiIpiZST8d8Fw0GP82bmvUyirY5pW_WZJjE3czWXXzYQP7QcBc3zgRtiXrZSm-_mrNfmvictdWKq01L68_WnGmkdd0-HQT15FbVOGMALIUQB6wJC6zSqkg3DEAQlYsgQfQZ2LUbbZUZr3h-8_zwo:1oqjvI:AEfd0CPpmCqxxCm3i4NvaVExwIR25A-czL1tq9aK0D0",
        "expire_date": "2022-11-17T23:47:00.558Z"
      }
    },
    {
      "model": "sessions.session",
      "pk": "8q6z5d8jibg2p3o5s7i7gbgv6j4mmfr8",
      "fields": {
        "session_data": ".eJxVjMEOwiAQRP-Fs2mgC7R40x8hy8IGYkMTCyfjv9uaHvQ4b2beS3jsLfu-pacvUVyFEpdfFpAeqR4FLsuBByRae23Dd3PW23DbU6qtELay1vv5-lNl3PLuGbWSKSgmHaycrXPGILqJrdUWwDCDgggsJ4mR2ZBMY-AxzphIAbhZvD-rCTxG:1oqjt4:4sjPDaxV1Z77k3YMhoenl-YKXdVLFbiASpOOCc972XY",
        "expire_date": "2022-11-17T23:44:42.310Z"
      }
    },
    {
      "model": "account.emailaddress",
      "pk": 1,
      "fields": {
        "user": 1,
        "email": "alisharotela2@fpuna.edu.py",
        "verified": true,
        "primary": true
      }
    },
    {
      "model": "account.emailaddress",
      "pk": 2,
      "fields": {
        "user": 2,
        "email": "aramypatricia@fpuna.edu.py",
        "verified": true,
        "primary": true
      }
    },
    {
      "model": "account.emailaddress",
      "pk": 3,
      "fields": {
        "user": 3,
        "email": "jenny.staple@fpuna.edu.py",
        "verified": true,
        "primary": true
      }
    },
    {
      "model": "account.emailaddress",
      "pk": 4,
      "fields": {
        "user": 4,
        "email": "luis.fer334@fpuna.edu.py",
        "verified": true,
        "primary": true
      }
    },
    {
      "model": "socialaccount.socialapp",
      "pk": 1,
      "fields": {
        "provider": "",
        "name": "sso",
        "client_id": "",
        "secret": "",
        "key": ""
      }
    },
    {
      "model": "socialaccount.socialapp",
      "pk": 2,
      "fields": {
        "provider": "google",
        "name": "sso",
        "client_id": "1063084719121-hre5aon6e3698bov5ioa4698e0otgbsg.apps.googleusercontent.com",
        "secret": "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",
        "key": ""
      }
    },
    {
      "model": "socialaccount.socialaccount",
      "pk": 1,
      "fields": {
        "user": 1,
        "provider": "google",
        "uid": "108997383162197376649",
        "last_login": "2022-11-03T23:44:42.292Z",
        "date_joined": "2022-11-03T23:44:28.881Z",
        "extra_data": "{\"id\": \"108997383162197376649\", \"email\": \"alisharotela2@fpuna.edu.py\", \"verified_email\": true, \"name\": \"Alisha Azucena Rotela Villalba\", \"given_name\": \"Alisha Azucena\", \"family_name\": \"Rotela Villalba\", \"picture\": \"https://lh3.googleusercontent.com/a/ALm5wu3ovtva4aEqesz5_j7plDZNWO_qAShwUky6gXhx=s96-c\", \"locale\": \"es\", \"hd\": \"fpuna.edu.py\"}"
      }
    },
    {
      "model": "socialaccount.socialaccount",
      "pk": 2,
      "fields": {
        "user": 2,
        "provider": "google",
        "uid": "113097361456844326557",
        "last_login": "2022-11-03T23:47:00.520Z",
        "date_joined": "2022-11-03T23:45:55.459Z",
        "extra_data": "{\"id\": \"113097361456844326557\", \"email\": \"aramypatricia@fpuna.edu.py\", \"verified_email\": true, \"name\": \"Aramy Patricia Rolon Cardenas\", \"given_name\": \"Aramy Patricia\", \"family_name\": \"Rolon Cardenas\", \"picture\": \"https://lh3.googleusercontent.com/a/ALm5wu0ULWwmmLdNyzUTDyC2MuF75Ir-JyUWUxSuSiW2=s96-c\", \"locale\": \"es\", \"hd\": \"fpuna.edu.py\"}"
      }
    },
    {
      "model": "socialaccount.socialaccount",
      "pk": 3,
      "fields": {
        "user": 3,
        "provider": "google",
        "uid": "118194788618372720386",
        "last_login": "2022-11-03T23:46:02.922Z",
        "date_joined": "2022-11-03T23:46:02.922Z",
        "extra_data": "{\"id\": \"118194788618372720386\", \"email\": \"jenny.staple@fpuna.edu.py\", \"verified_email\": true, \"name\": \"Jennifer Nathaly Staple Gim\\u00e9nez\", \"given_name\": \"Jennifer Nathaly\", \"family_name\": \"Staple Gim\\u00e9nez\", \"picture\": \"https://lh3.googleusercontent.com/a/ALm5wu2YzRroeR9OMZlKDecxum2XLJb53VZt11E_0Hfv=s96-c\", \"locale\": \"es\", \"hd\": \"fpuna.edu.py\"}"
      }
    },
    {
      "model": "socialaccount.socialaccount",
      "pk": 4,
      "fields": {
        "user": 4,
        "provider": "google",
        "uid": "113281299316315319132",
        "last_login": "2022-11-03T23:46:12.749Z",
        "date_joined": "2022-11-03T23:46:12.749Z",
        "extra_data": "{\"id\": \"113281299316315319132\", \"email\": \"luis.fer334@fpuna.edu.py\", \"verified_email\": true, \"name\": \"Luis Fernando R\\u00edos Alvarez\", \"given_name\": \"Luis Fernando\", \"family_name\": \"R\\u00edos Alvarez\", \"link\": \"https://plus.google.com/113281299316315319132\", \"picture\": \"https://lh3.googleusercontent.com/a/ALm5wu0UbLOLf4NTFHMbbhFjkpJcl1CaHKOLDYK3GrZf=s96-c\", \"locale\": \"es\", \"hd\": \"fpuna.edu.py\"}"
      }
    },
    {
      "model": "permisos.rolesdesistema",
      "pk": 1,
      "fields": {
        "nombre": "administrador",
        "defecto": true,
        "descripcion": "",
        "permisos": [57, 61, 56, 53, 59, 54, 63, 58, 60]
      }
    },
    {
      "model": "permisos.rolesdesistema",
      "pk": 2,
      "fields": {
        "nombre": "usuarios",
        "defecto": true,
        "descripcion": "",
        "permisos": [55]
      }
    },
    {
      "model": "permisos.rolesdesistema",
      "pk": 3,
      "fields": {
        "nombre": "sin_acceso",
        "defecto": true,
        "descripcion": "",
        "permisos": []
      }
    },
    {
      "model": "permisos.rolesdesistema",
      "pk": 4,
      "fields": {
        "nombre": "Scrum Master",
        "defecto": true,
        "descripcion": "",
        "permisos": [
          55, 57, 83, 64, 75, 76, 61, 56, 69, 79, 72, 62, 65, 59, 82, 77, 68, 71,
          74, 67, 70, 78, 80, 73, 66, 81, 63, 58
        ]
      }
    },
    {
      "model": "permisos.rolesdesistema",
      "pk": 5,
      "fields": {
        "nombre": "Desarrollador front",
        "defecto": false,
        "descripcion": "Desarrollador front",
        "permisos": [55, 74, 85, 66, 81, 63, 58, 84, 60]
      }
    },
    {
      "model": "permisos.rolesdesistema",
      "pk": 6,
      "fields": {
        "nombre": "QA",
        "defecto": false,
        "descripcion": "test",
        "permisos": [55, 74, 85, 66, 81, 63, 58, 84, 60]
      }
    },
    {
      "model": "Proyectos.rolusuario",
      "pk": 1,
      "fields": { "miembro": 3, "roles": [5] }
    },
    {
      "model": "Proyectos.rolusuario",
      "pk": 2,
      "fields": { "miembro": 4, "roles": [6] }
    },
    {
      "model": "Proyectos.proyecto",
      "pk": 1,
      "fields": {
        "id_proyecto": "",
        "nombre": "Proyecto A",
        "descripcion": "Una descripcion",
        "scrumMaster": 2,
        "fecha_de_inicio": "2022-11-03T23:46:52.409Z",
        "fecha_finalizacion": null,
        "estado": "En Curso",
        "miembros": [3, 4],
        "roles": [5, 6],
        "usuario_roles": [1, 2],
        "tipo_us": [1],
        "sprint": [1]
      }
    },
    {
        "model": "Proyectos.proyecto",
        "pk": 2,
        "fields": {
          "id_proyecto": "",
          "nombre": "Proyecto B",
          "descripcion": "Una descripcion para el Proyecto B",
          "scrumMaster": 2,
          "fecha_de_inicio": "2022-11-03T23:46:52.409Z",
          "fecha_finalizacion": null,
          "estado": "En Planificacion",
          "miembros": [3, 4],
          "roles": [5, 6],
          "usuario_roles": [1, 2],
          "tipo_us": [1],
          "sprint": [2]
        }
    },
    {
      "model": "UserStories.estados_kanban",
      "pk": 1,
      "fields": { "nombre": "Pendiente", "defecto": true }
    },
    {
      "model": "UserStories.estados_kanban",
      "pk": 2,
      "fields": { "nombre": "En curso", "defecto": true }
    },
    {
      "model": "UserStories.estados_kanban",
      "pk": 99,
      "fields": { "nombre": "Cancelado", "defecto": true }
    },
    {
      "model": "UserStories.estados_kanban",
      "pk": 100,
      "fields": { "nombre": "Finalizado", "defecto": true }
    },
    {
      "model": "UserStories.tipouserstory",
      "pk": 1,
      "fields": {
        "nombre": "Tipo US 1",
        "descripcion": "",
        "estados_kanban": [1, 2, 99, 100]
      }
    },
    {
      "model": "UserStories.userstories",
      "pk": 1,
      "fields": {
        "id_proyecto": 1,
        "nombre": "US 1",
        "descripcion": "us 1",
        "tipo": 1,
        "miembro_asignado": 3,
        "comentarios": "us 1",
        "horas_estimadas": 23,
        "PN": 3,
        "PT": 2,
        "PS": 3,
        "estado": 1,
        "Prioridad": "2.60",
        "motivo_cancelacion": "",
        "en_sprint": true,
        "horas_trabajadas": 0
      }
    },
    {
      "model": "UserStories.userstories",
      "pk": 2,
      "fields": {
        "id_proyecto": 1,
        "nombre": "US 2",
        "descripcion": "us 2",
        "tipo": 1,
        "miembro_asignado": 4,
        "comentarios": "us 2",
        "horas_estimadas": 25,
        "PN": 2,
        "PT": 3,
        "PS": 3,
        "estado": 1,
        "Prioridad": "2.40",
        "motivo_cancelacion": "",
        "en_sprint": true,
        "horas_trabajadas": 0
      }
    },
    {
        "model": "UserStories.userstories",
        "pk": 3,
        "fields": {
          "id_proyecto": 2,
          "nombre": "US 3",
          "descripcion": "us 3",
          "tipo": 1,
          "miembro_asignado": 4,
          "comentarios": "us 3",
          "horas_estimadas": 25,
          "PN": 2,
          "PT": 3,
          "PS": 3,
          "estado": 1,
          "Prioridad": "2.40",
          "motivo_cancelacion": "",
          "en_sprint": true,
          "horas_trabajadas": 0
        }
    },
    {
        "model": "UserStories.userstories",
        "pk": 4,
        "fields": {
          "id_proyecto": 2,
          "nombre": "US 4",
          "descripcion": "us 4",
          "tipo": 1,
          "miembro_asignado": 4,
          "comentarios": "us 4",
          "horas_estimadas": 25,
          "PN": 2,
          "PT": 3,
          "PS": 3,
          "estado": 1,
          "Prioridad": "2.40",
          "motivo_cancelacion": "",
          "en_sprint": true,
          "horas_trabajadas": 0
        }
    },
  
    {
      "model": "UserStories.userstories",
      "pk": 3,
      "fields": {
        "id_proyecto": 1,
        "nombre": "US 3",
        "descripcion": "us 3",
        "tipo": 1,
        "miembro_asignado": null,
        "comentarios": "us 3",
        "horas_estimadas": 43,
        "PN": 3,
        "PT": 2,
        "PS": 0,
        "estado": 1,
        "Prioridad": "2.60",
        "motivo_cancelacion": "",
        "en_sprint": false,
        "horas_trabajadas": 0
      }
    },
    {
      "model": "UserStories.userstories",
      "pk": 4,
      "fields": {
        "id_proyecto": 1,
        "nombre": "US 4",
        "descripcion": "us 4",
        "tipo": 1,
        "miembro_asignado": null,
        "comentarios": "us 4",
        "horas_estimadas": 32,
        "PN": 3,
        "PT": 4,
        "PS": 0,
        "estado": 1,
        "Prioridad": "3.40",
        "motivo_cancelacion": "",
        "en_sprint": false,
        "horas_trabajadas": 0
      }
    },
    {
      "model": "Sprint.sprint",
      "pk": 1,
      "fields": {
        "id_sprint": "",
        "nombre_sprint": "Sprint A",
        "duracion_sprint": 20,
        "fecha_creacion": "2022-11-03T23:51:03.579Z",
        "fecha_inicio": null,
        "fecha_fin": null,
        "descripcion": "sprint a",
        "estado_sprint": "En Planificacion",
        "id_proyecto": 1,
        "capacidad": 1800,
        "capacidad_us": 48,
        "capacidad_equipo": 90,
        "historias": [1, 2]
      }
    },
    {
        "model": "Sprint.sprint",
        "pk": 2,
        "fields": {
          "id_sprint": "",
          "nombre_sprint": "Sprint B",
          "duracion_sprint": 20,
          "fecha_creacion": "2022-11-03T23:51:03.579Z",
          "fecha_inicio": null,
          "fecha_fin": null,
          "descripcion": "sprint b",
          "estado_sprint": "En Planificacion",
          "id_proyecto": 2,
          "capacidad": 1800,
          "capacidad_us": 48,
          "capacidad_equipo": 90,
          "historias": [3, 4]
        }
    },
    {
      "model": "Sprint.sprintmiembros",
      "pk": 1,
      "fields": {
        "sprint": 1,
        "miembro": 3,
        "capacidad_miembro": 40,
        "us_asignado": null,
        "proyecto": 1
      }
    },
    {
      "model": "Sprint.sprintmiembros",
      "pk": 2,
      "fields": {
        "sprint": 1,
        "miembro": 4,
        "capacidad_miembro": 50,
        "us_asignado": null,
        "proyecto": 1
      }
    }
  ]
  