[
    {
      "model": "auth.permission",
      "pk": 1,
      "fields": {
        "name": "Can add log entry",
        "content_type": 1,
        "codename": "add_logentry"
      }
    },
    {
      "model": "auth.permission",
      "pk": 2,
      "fields": {
        "name": "Can change log entry",
        "content_type": 1,
        "codename": "change_logentry"
      }
    },
    {
      "model": "auth.permission",
      "pk": 3,
      "fields": {
        "name": "Can delete log entry",
        "content_type": 1,
        "codename": "delete_logentry"
      }
    },
    {
      "model": "auth.permission",
      "pk": 4,
      "fields": {
        "name": "Can view log entry",
        "content_type": 1,
        "codename": "view_logentry"
      }
    },
    {
      "model": "auth.permission",
      "pk": 5,
      "fields": {
        "name": "Can add permission",
        "content_type": 2,
        "codename": "add_permission"
      }
    },
    {
      "model": "auth.permission",
      "pk": 6,
      "fields": {
        "name": "Can change permission",
        "content_type": 2,
        "codename": "change_permission"
      }
    },
    {
      "model": "auth.permission",
      "pk": 7,
      "fields": {
        "name": "Can delete permission",
        "content_type": 2,
        "codename": "delete_permission"
      }
    },
    {
      "model": "auth.permission",
      "pk": 8,
      "fields": {
        "name": "Can view permission",
        "content_type": 2,
        "codename": "view_permission"
      }
    },
    {
      "model": "auth.permission",
      "pk": 9,
      "fields": {
        "name": "Can add group",
        "content_type": 3,
        "codename": "add_group"
      }
    },
    {
      "model": "auth.permission",
      "pk": 10,
      "fields": {
        "name": "Can change group",
        "content_type": 3,
        "codename": "change_group"
      }
    },
    {
      "model": "auth.permission",
      "pk": 11,
      "fields": {
        "name": "Can delete group",
        "content_type": 3,
        "codename": "delete_group"
      }
    },
    {
      "model": "auth.permission",
      "pk": 12,
      "fields": {
        "name": "Can view group",
        "content_type": 3,
        "codename": "view_group"
      }
    },
    {
      "model": "auth.permission",
      "pk": 13,
      "fields": {
        "name": "Can add user",
        "content_type": 4,
        "codename": "add_user"
      }
    },
    {
      "model": "auth.permission",
      "pk": 14,
      "fields": {
        "name": "Can change user",
        "content_type": 4,
        "codename": "change_user"
      }
    },
    {
      "model": "auth.permission",
      "pk": 15,
      "fields": {
        "name": "Can delete user",
        "content_type": 4,
        "codename": "delete_user"
      }
    },
    {
      "model": "auth.permission",
      "pk": 16,
      "fields": {
        "name": "Can view user",
        "content_type": 4,
        "codename": "view_user"
      }
    },
    {
      "model": "auth.permission",
      "pk": 17,
      "fields": {
        "name": "Can add content type",
        "content_type": 5,
        "codename": "add_contenttype"
      }
    },
    {
      "model": "auth.permission",
      "pk": 18,
      "fields": {
        "name": "Can change content type",
        "content_type": 5,
        "codename": "change_contenttype"
      }
    },
    {
      "model": "auth.permission",
      "pk": 19,
      "fields": {
        "name": "Can delete content type",
        "content_type": 5,
        "codename": "delete_contenttype"
      }
    },
    {
      "model": "auth.permission",
      "pk": 20,
      "fields": {
        "name": "Can view content type",
        "content_type": 5,
        "codename": "view_contenttype"
      }
    },
    {
      "model": "auth.permission",
      "pk": 21,
      "fields": {
        "name": "Can add session",
        "content_type": 6,
        "codename": "add_session"
      }
    },
    {
      "model": "auth.permission",
      "pk": 22,
      "fields": {
        "name": "Can change session",
        "content_type": 6,
        "codename": "change_session"
      }
    },
    {
      "model": "auth.permission",
      "pk": 23,
      "fields": {
        "name": "Can delete session",
        "content_type": 6,
        "codename": "delete_session"
      }
    },
    {
      "model": "auth.permission",
      "pk": 24,
      "fields": {
        "name": "Can view session",
        "content_type": 6,
        "codename": "view_session"
      }
    },
    {
      "model": "auth.permission",
      "pk": 25,
      "fields": {
        "name": "Can add email address",
        "content_type": 7,
        "codename": "add_emailaddress"
      }
    },
    {
      "model": "auth.permission",
      "pk": 26,
      "fields": {
        "name": "Can change email address",
        "content_type": 7,
        "codename": "change_emailaddress"
      }
    },
    {
      "model": "auth.permission",
      "pk": 27,
      "fields": {
        "name": "Can delete email address",
        "content_type": 7,
        "codename": "delete_emailaddress"
      }
    },
    {
      "model": "auth.permission",
      "pk": 28,
      "fields": {
        "name": "Can view email address",
        "content_type": 7,
        "codename": "view_emailaddress"
      }
    },
    {
      "model": "auth.permission",
      "pk": 29,
      "fields": {
        "name": "Can add email confirmation",
        "content_type": 8,
        "codename": "add_emailconfirmation"
      }
    },
    {
      "model": "auth.permission",
      "pk": 30,
      "fields": {
        "name": "Can change email confirmation",
        "content_type": 8,
        "codename": "change_emailconfirmation"
      }
    },
    {
      "model": "auth.permission",
      "pk": 31,
      "fields": {
        "name": "Can delete email confirmation",
        "content_type": 8,
        "codename": "delete_emailconfirmation"
      }
    },
    {
      "model": "auth.permission",
      "pk": 32,
      "fields": {
        "name": "Can view email confirmation",
        "content_type": 8,
        "codename": "view_emailconfirmation"
      }
    },
    {
      "model": "auth.permission",
      "pk": 33,
      "fields": {
        "name": "Can add social account",
        "content_type": 9,
        "codename": "add_socialaccount"
      }
    },
    {
      "model": "auth.permission",
      "pk": 34,
      "fields": {
        "name": "Can change social account",
        "content_type": 9,
        "codename": "change_socialaccount"
      }
    },
    {
      "model": "auth.permission",
      "pk": 35,
      "fields": {
        "name": "Can delete social account",
        "content_type": 9,
        "codename": "delete_socialaccount"
      }
    },
    {
      "model": "auth.permission",
      "pk": 36,
      "fields": {
        "name": "Can view social account",
        "content_type": 9,
        "codename": "view_socialaccount"
      }
    },
    {
      "model": "auth.permission",
      "pk": 37,
      "fields": {
        "name": "Can add social application",
        "content_type": 10,
        "codename": "add_socialapp"
      }
    },
    {
      "model": "auth.permission",
      "pk": 38,
      "fields": {
        "name": "Can change social application",
        "content_type": 10,
        "codename": "change_socialapp"
      }
    },
    {
      "model": "auth.permission",
      "pk": 39,
      "fields": {
        "name": "Can delete social application",
        "content_type": 10,
        "codename": "delete_socialapp"
      }
    },
    {
      "model": "auth.permission",
      "pk": 40,
      "fields": {
        "name": "Can view social application",
        "content_type": 10,
        "codename": "view_socialapp"
      }
    },
    {
      "model": "auth.permission",
      "pk": 41,
      "fields": {
        "name": "Can add social application token",
        "content_type": 11,
        "codename": "add_socialtoken"
      }
    },
    {
      "model": "auth.permission",
      "pk": 42,
      "fields": {
        "name": "Can change social application token",
        "content_type": 11,
        "codename": "change_socialtoken"
      }
    },
    {
      "model": "auth.permission",
      "pk": 43,
      "fields": {
        "name": "Can delete social application token",
        "content_type": 11,
        "codename": "delete_socialtoken"
      }
    },
    {
      "model": "auth.permission",
      "pk": 44,
      "fields": {
        "name": "Can view social application token",
        "content_type": 11,
        "codename": "view_socialtoken"
      }
    },
    {
      "model": "auth.permission",
      "pk": 45,
      "fields": {
        "name": "Can add usuario",
        "content_type": 12,
        "codename": "add_usuario"
      }
    },
    {
      "model": "auth.permission",
      "pk": 46,
      "fields": {
        "name": "Can change usuario",
        "content_type": 12,
        "codename": "change_usuario"
      }
    },
    {
      "model": "auth.permission",
      "pk": 47,
      "fields": {
        "name": "Can delete usuario",
        "content_type": 12,
        "codename": "delete_usuario"
      }
    },
    {
      "model": "auth.permission",
      "pk": 48,
      "fields": {
        "name": "Can view usuario",
        "content_type": 12,
        "codename": "view_usuario"
      }
    },
    {
      "model": "auth.permission",
      "pk": 49,
      "fields": {
        "name": "Can add rolesde sistema",
        "content_type": 13,
        "codename": "add_rolesdesistema"
      }
    },
    {
      "model": "auth.permission",
      "pk": 50,
      "fields": {
        "name": "Can change rolesde sistema",
        "content_type": 13,
        "codename": "change_rolesdesistema"
      }
    },
    {
      "model": "auth.permission",
      "pk": 51,
      "fields": {
        "name": "Can delete rolesde sistema",
        "content_type": 13,
        "codename": "delete_rolesdesistema"
      }
    },
    {
      "model": "auth.permission",
      "pk": 52,
      "fields": {
        "name": "Can view rolesde sistema",
        "content_type": 13,
        "codename": "view_rolesdesistema"
      }
    },
    {
      "model": "auth.permission",
      "pk": 53,
      "fields": {
        "name": "Crear usuario",
        "content_type": 13,
        "codename": "_crear_usuario"
      }
    },
    {
      "model": "auth.permission",
      "pk": 54,
      "fields": {
        "name": "Eliminar usuario",
        "content_type": 13,
        "codename": "_eliminar_usuario"
      }
    },
    {
      "model": "auth.permission",
      "pk": 55,
      "fields": {
        "name": "Acceder al sistema",
        "content_type": 13,
        "codename": "_acceder_al_sistema"
      }
    },
    {
      "model": "auth.permission",
      "pk": 56,
      "fields": {
        "name": "Crear roles",
        "content_type": 13,
        "codename": "_crear_roles"
      }
    },
    {
      "model": "auth.permission",
      "pk": 57,
      "fields": {
        "name": "Asignar roles a usuario",
        "content_type": 13,
        "codename": "_asignar_roles"
      }
    },
    {
      "model": "auth.permission",
      "pk": 58,
      "fields": {
        "name": "Visualizar roles a usuario",
        "content_type": 13,
        "codename": "_visualizar_roles"
      }
    },
    {
      "model": "auth.permission",
      "pk": 59,
      "fields": {
        "name": "Eliminar roles a usuario",
        "content_type": 13,
        "codename": "_eliminar_roles"
      }
    },
    {
      "model": "auth.permission",
      "pk": 60,
      "fields": {
        "name": "Visualizar usuario del Sistema",
        "content_type": 13,
        "codename": "_visualizar_usuario"
      }
    },
    {
      "model": "auth.permission",
      "pk": 61,
      "fields": {
        "name": "Crear Proyecto",
        "content_type": 13,
        "codename": "_crear_proyecto"
      }
    },
    {
      "model": "auth.permission",
      "pk": 62,
      "fields": {
        "name": "Editar Proyecto",
        "content_type": 13,
        "codename": "_editar_proyecto"
      }
    },
    {
      "model": "auth.permission",
      "pk": 63,
      "fields": {
        "name": "Visualizar Proyecto",
        "content_type": 13,
        "codename": "_visualizar_proyecto"
      }
    },
    {
      "model": "auth.permission",
      "pk": 64,
      "fields": {
        "name": "Cancelar Proyecto",
        "content_type": 13,
        "codename": "_cancelar_proyecto"
      }
    },
    {
      "model": "auth.permission",
      "pk": 65,
      "fields": {
        "name": "Eliminar miembros de un proyecto",
        "content_type": 13,
        "codename": "_eliminar_miembros"
      }
    },
    {
      "model": "auth.permission",
      "pk": 66,
      "fields": {
        "name": "Visualizar historial del proyecto",
        "content_type": 13,
        "codename": "_visualizar_historial_proyecto"
      }
    },
    {
      "model": "auth.permission",
      "pk": 67,
      "fields": {
        "name": "Modificar fecha de inicio y fin del proyecto",
        "content_type": 13,
        "codename": "_modificar_fecha"
      }
    },
    {
      "model": "auth.permission",
      "pk": 68,
      "fields": {
        "name": "Modificar estado del proyecto",
        "content_type": 13,
        "codename": "_modificar_estado_proyecto"
      }
    },
    {
      "model": "auth.permission",
      "pk": 69,
      "fields": {
        "name": "Crear sprint",
        "content_type": 13,
        "codename": "_crear_sprint"
      }
    },
    {
      "model": "auth.permission",
      "pk": 70,
      "fields": {
        "name": "Modificar sprint",
        "content_type": 13,
        "codename": "_modificar_sprint"
      }
    },
    {
      "model": "auth.permission",
      "pk": 71,
      "fields": {
        "name": "Modificar estado de un sprint",
        "content_type": 13,
        "codename": "_modificar_estado_sprint"
      }
    },
    {
      "model": "auth.permission",
      "pk": 72,
      "fields": {
        "name": "Crear US",
        "content_type": 13,
        "codename": "_crear_us"
      }
    },
    {
      "model": "auth.permission",
      "pk": 73,
      "fields": {
        "name": "Modificar US",
        "content_type": 13,
        "codename": "_modificar_us"
      }
    },
    {
      "model": "auth.permission",
      "pk": 74,
      "fields": {
        "name": "Modificar estado de US",
        "content_type": 13,
        "codename": "_modificar_estado_us"
      }
    },
    {
      "model": "auth.permission",
      "pk": 75,
      "fields": {
        "name": "Cancelar US",
        "content_type": 13,
        "codename": "_cancelar_us"
      }
    },
    {
      "model": "auth.permission",
      "pk": 76,
      "fields": {
        "name": "Consultar historial de un US",
        "content_type": 13,
        "codename": "_consultar_historial_us"
      }
    },
    {
      "model": "auth.permission",
      "pk": 77,
      "fields": {
        "name": "Modificar Product Backlog",
        "content_type": 13,
        "codename": "_modificar_backlog"
      }
    },
    {
      "model": "auth.permission",
      "pk": 78,
      "fields": {
        "name": "Modificar Sprint Backlog",
        "content_type": 13,
        "codename": "_modificar_sprint_backlog"
      }
    },
    {
      "model": "auth.permission",
      "pk": 79,
      "fields": {
        "name": "Crear tipos de US",
        "content_type": 13,
        "codename": "_crear_tipos_us"
      }
    },
    {
      "model": "auth.permission",
      "pk": 80,
      "fields": {
        "name": "Modificar tipos de US",
        "content_type": 13,
        "codename": "_modificar_tipos_us"
      }
    },
    {
      "model": "auth.permission",
      "pk": 81,
      "fields": {
        "name": "Visualizar Tabla Kamban",
        "content_type": 13,
        "codename": "_visualizar_kanban"
      }
    },
    {
      "model": "auth.permission",
      "pk": 82,
      "fields": {
        "name": "Iniciar un proyecto",
        "content_type": 13,
        "codename": "_iniciar_proyecto"
      }
    },
    {
      "model": "auth.permission",
      "pk": 83,
      "fields": {
        "name": "Asignar US",
        "content_type": 13,
        "codename": "_asignar_us"
      }
    },
    {
      "model": "auth.permission",
      "pk": 84,
      "fields": {
        "name": "Visualizar Sprint",
        "content_type": 13,
        "codename": "_visualizar_sprint"
      }
    },
    {
      "model": "auth.permission",
      "pk": 85,
      "fields": {
        "name": "Visualizar Product Backlog",
        "content_type": 13,
        "codename": "_visualizar Product Backlog"
      }
    },
    {
      "model": "auth.permission",
      "pk": 86,
      "fields": {
        "name": "Can add proyecto",
        "content_type": 14,
        "codename": "add_proyecto"
      }
    },
    {
      "model": "auth.permission",
      "pk": 87,
      "fields": {
        "name": "Can change proyecto",
        "content_type": 14,
        "codename": "change_proyecto"
      }
    },
    {
      "model": "auth.permission",
      "pk": 88,
      "fields": {
        "name": "Can delete proyecto",
        "content_type": 14,
        "codename": "delete_proyecto"
      }
    },
    {
      "model": "auth.permission",
      "pk": 89,
      "fields": {
        "name": "Can view proyecto",
        "content_type": 14,
        "codename": "view_proyecto"
      }
    },
    {
      "model": "auth.permission",
      "pk": 90,
      "fields": {
        "name": "Can add rol usuario",
        "content_type": 15,
        "codename": "add_rolusuario"
      }
    },
    {
      "model": "auth.permission",
      "pk": 91,
      "fields": {
        "name": "Can change rol usuario",
        "content_type": 15,
        "codename": "change_rolusuario"
      }
    },
    {
      "model": "auth.permission",
      "pk": 92,
      "fields": {
        "name": "Can delete rol usuario",
        "content_type": 15,
        "codename": "delete_rolusuario"
      }
    },
    {
      "model": "auth.permission",
      "pk": 93,
      "fields": {
        "name": "Can view rol usuario",
        "content_type": 15,
        "codename": "view_rolusuario"
      }
    },
    {
      "model": "auth.permission",
      "pk": 94,
      "fields": {
        "name": "Can add Estado_Kanban",
        "content_type": 16,
        "codename": "add_estados_kanban"
      }
    },
    {
      "model": "auth.permission",
      "pk": 95,
      "fields": {
        "name": "Can change Estado_Kanban",
        "content_type": 16,
        "codename": "change_estados_kanban"
      }
    },
    {
      "model": "auth.permission",
      "pk": 96,
      "fields": {
        "name": "Can delete Estado_Kanban",
        "content_type": 16,
        "codename": "delete_estados_kanban"
      }
    },
    {
      "model": "auth.permission",
      "pk": 97,
      "fields": {
        "name": "Can view Estado_Kanban",
        "content_type": 16,
        "codename": "view_estados_kanban"
      }
    },
    {
      "model": "auth.permission",
      "pk": 98,
      "fields": {
        "name": "Can add TipoUS",
        "content_type": 17,
        "codename": "add_tipouserstory"
      }
    },
    {
      "model": "auth.permission",
      "pk": 99,
      "fields": {
        "name": "Can change TipoUS",
        "content_type": 17,
        "codename": "change_tipouserstory"
      }
    },
    {
      "model": "auth.permission",
      "pk": 100,
      "fields": {
        "name": "Can delete TipoUS",
        "content_type": 17,
        "codename": "delete_tipouserstory"
      }
    },
    {
      "model": "auth.permission",
      "pk": 101,
      "fields": {
        "name": "Can view TipoUS",
        "content_type": 17,
        "codename": "view_tipouserstory"
      }
    },
    {
      "model": "auth.permission",
      "pk": 102,
      "fields": {
        "name": "Can add UserStory",
        "content_type": 18,
        "codename": "add_userstories"
      }
    },
    {
      "model": "auth.permission",
      "pk": 103,
      "fields": {
        "name": "Can change UserStory",
        "content_type": 18,
        "codename": "change_userstories"
      }
    },
    {
      "model": "auth.permission",
      "pk": 104,
      "fields": {
        "name": "Can delete UserStory",
        "content_type": 18,
        "codename": "delete_userstories"
      }
    },
    {
      "model": "auth.permission",
      "pk": 105,
      "fields": {
        "name": "Can view UserStory",
        "content_type": 18,
        "codename": "view_userstories"
      }
    },
    {
      "model": "auth.permission",
      "pk": 106,
      "fields": {
        "name": "Can add historical UserStory",
        "content_type": 19,
        "codename": "add_historicaluserstories"
      }
    },
    {
      "model": "auth.permission",
      "pk": 107,
      "fields": {
        "name": "Can change historical UserStory",
        "content_type": 19,
        "codename": "change_historicaluserstories"
      }
    },
    {
      "model": "auth.permission",
      "pk": 108,
      "fields": {
        "name": "Can delete historical UserStory",
        "content_type": 19,
        "codename": "delete_historicaluserstories"
      }
    },
    {
      "model": "auth.permission",
      "pk": 109,
      "fields": {
        "name": "Can view historical UserStory",
        "content_type": 19,
        "codename": "view_historicaluserstories"
      }
    },
    {
      "model": "auth.permission",
      "pk": 110,
      "fields": {
        "name": "Can add sprint",
        "content_type": 20,
        "codename": "add_sprint"
      }
    },
    {
      "model": "auth.permission",
      "pk": 111,
      "fields": {
        "name": "Can change sprint",
        "content_type": 20,
        "codename": "change_sprint"
      }
    },
    {
      "model": "auth.permission",
      "pk": 112,
      "fields": {
        "name": "Can delete sprint",
        "content_type": 20,
        "codename": "delete_sprint"
      }
    },
    {
      "model": "auth.permission",
      "pk": 113,
      "fields": {
        "name": "Can view sprint",
        "content_type": 20,
        "codename": "view_sprint"
      }
    },
    {
      "model": "auth.permission",
      "pk": 114,
      "fields": {
        "name": "Can add sprint miembros",
        "content_type": 21,
        "codename": "add_sprintmiembros"
      }
    },
    {
      "model": "auth.permission",
      "pk": 115,
      "fields": {
        "name": "Can change sprint miembros",
        "content_type": 21,
        "codename": "change_sprintmiembros"
      }
    },
    {
      "model": "auth.permission",
      "pk": 116,
      "fields": {
        "name": "Can delete sprint miembros",
        "content_type": 21,
        "codename": "delete_sprintmiembros"
      }
    },
    {
      "model": "auth.permission",
      "pk": 117,
      "fields": {
        "name": "Can view sprint miembros",
        "content_type": 21,
        "codename": "view_sprintmiembros"
      }
    },
    {
      "model": "auth.group",
      "pk": 1,
      "fields": {
        "name": "administrador",
        "permissions": [57, 61, 56, 53, 59, 54, 63, 58, 60]
      }
    },
    {
      "model": "auth.group",
      "pk": 2,
      "fields": { "name": "usuarios", "permissions": [55] }
    },
    {
      "model": "auth.group",
      "pk": 3,
      "fields": { "name": "sin_acceso", "permissions": [] }
    },
    {
      "model": "auth.group",
      "pk": 4,
      "fields": {
        "name": "Desarrollador front",
        "permissions": [55, 74, 85, 66, 81, 63, 58, 84, 60]
      }
    },
    {
      "model": "auth.group",
      "pk": 5,
      "fields": {
        "name": "QA",
        "permissions": [55, 74, 85, 66, 81, 63, 58, 84, 60]
      }
    },
    {
      "model": "auth.user",
      "pk": 1,
      "fields": {
        "password": "!kMwaQn2LJvOrKzB3ZeXgo2FaxT84O4av3llN8hcQ",
        "last_login": "2022-11-03T23:44:42.305Z",
        "is_superuser": false,
        "username": "alisha_azucena",
        "first_name": "Alisha Azucena",
        "last_name": "Rotela Villalba",
        "email": "alisharotela2@fpuna.edu.py",
        "is_staff": false,
        "is_active": true,
        "date_joined": "2022-11-03T23:44:28.843Z",
        "groups": [1],
        "user_permissions": []
      }
    },
    {
      "model": "auth.user",
      "pk": 2,
      "fields": {
        "password": "!4Soz8ItSd93Ktgw8LnzKRqkL30JeaHSmvKE1YnM2",
        "last_login": "2022-11-03T23:47:00.551Z",
        "is_superuser": false,
        "username": "aramy_patricia",
        "first_name": "Aramy Patricia",
        "last_name": "Rolon Cardenas",
        "email": "aramypatricia@fpuna.edu.py",
        "is_staff": false,
        "is_active": true,
        "date_joined": "2022-11-03T23:45:55.425Z",
        "groups": [2],
        "user_permissions": []
      }
    },
    {
      "model": "auth.user",
      "pk": 3,
      "fields": {
        "password": "!mdEu2esCTwiiZrHrd9W91CGZYocDyd8ICH730KRH",
        "last_login": "2022-11-03T23:46:02.947Z",
        "is_superuser": false,
        "username": "jennifer_nathaly",
        "first_name": "Jennifer Nathaly",
        "last_name": "Staple Giménez",
        "email": "jenny.staple@fpuna.edu.py",
        "is_staff": false,
        "is_active": true,
        "date_joined": "2022-11-03T23:46:02.880Z",
        "groups": [2],
        "user_permissions": []
      }
    },
    {
      "model": "auth.user",
      "pk": 4,
      "fields": {
        "password": "!5XG0agjk1KHsTqdX9NI3bM54nGXXvwlEesM0J0eK",
        "last_login": "2022-11-03T23:46:12.771Z",
        "is_superuser": false,
        "username": "luis_fernando",
        "first_name": "Luis Fernando",
        "last_name": "Ríos Alvarez",
        "email": "luis.fer334@fpuna.edu.py",
        "is_staff": false,
        "is_active": true,
        "date_joined": "2022-11-03T23:46:12.712Z",
        "groups": [2],
        "user_permissions": []
      }
    },
    {
      "model": "contenttypes.contenttype",
      "pk": 1,
      "fields": { "app_label": "admin", "model": "logentry" }
    },
    {
      "model": "contenttypes.contenttype",
      "pk": 2,
      "fields": { "app_label": "auth", "model": "permission" }
    },
    {
      "model": "contenttypes.contenttype",
      "pk": 3,
      "fields": { "app_label": "auth", "model": "group" }
    },
    {
      "model": "contenttypes.contenttype",
      "pk": 4,
      "fields": { "app_label": "auth", "model": "user" }
    },
    {
      "model": "contenttypes.contenttype",
      "pk": 5,
      "fields": { "app_label": "contenttypes", "model": "contenttype" }
    },
    {
      "model": "contenttypes.contenttype",
      "pk": 6,
      "fields": { "app_label": "sessions", "model": "session" }
    },
    {
      "model": "contenttypes.contenttype",
      "pk": 7,
      "fields": { "app_label": "account", "model": "emailaddress" }
    },
    {
      "model": "contenttypes.contenttype",
      "pk": 8,
      "fields": { "app_label": "account", "model": "emailconfirmation" }
    },
    {
      "model": "contenttypes.contenttype",
      "pk": 9,
      "fields": { "app_label": "socialaccount", "model": "socialaccount" }
    },
    {
      "model": "contenttypes.contenttype",
      "pk": 10,
      "fields": { "app_label": "socialaccount", "model": "socialapp" }
    },
    {
      "model": "contenttypes.contenttype",
      "pk": 11,
      "fields": { "app_label": "socialaccount", "model": "socialtoken" }
    },
    {
      "model": "contenttypes.contenttype",
      "pk": 12,
      "fields": { "app_label": "Usuarios", "model": "usuario" }
    },
    {
      "model": "contenttypes.contenttype",
      "pk": 13,
      "fields": { "app_label": "permisos", "model": "rolesdesistema" }
    },
        {
      "model": "sessions.session",
      "pk": "5vt8j0bx97xz0qndvo2l6sgzii856ik1",
      "fields": {
        "session_data": ".eJxVjMEOgjAQRP-lZ0NauwutN_mRZtndBiIpiZST8d8Fw0GP82bmvUyirY5pW_WZJjE3czWXXzYQP7QcBc3zgRtiXrZSm-_mrNfmvictdWKq01L68_WnGmkdd0-HQT15FbVOGMALIUQB6wJC6zSqkg3DEAQlYsgQfQZ2LUbbZUZr3h-8_zwo:1oqjvI:AEfd0CPpmCqxxCm3i4NvaVExwIR25A-czL1tq9aK0D0",
        "expire_date": "2022-11-17T23:47:00.558Z"
      }
    },
    {
      "model": "sessions.session",
      "pk": "8q6z5d8jibg2p3o5s7i7gbgv6j4mmfr8",
      "fields": {
        "session_data": ".eJxVjMEOwiAQRP-Fs2mgC7R40x8hy8IGYkMTCyfjv9uaHvQ4b2beS3jsLfu-pacvUVyFEpdfFpAeqR4FLsuBByRae23Dd3PW23DbU6qtELay1vv5-lNl3PLuGbWSKSgmHaycrXPGILqJrdUWwDCDgggsJ4mR2ZBMY-AxzphIAbhZvD-rCTxG:1oqjt4:4sjPDaxV1Z77k3YMhoenl-YKXdVLFbiASpOOCc972XY",
        "expire_date": "2022-11-17T23:44:42.310Z"
      }
    },
    {
      "model": "account.emailaddress",
      "pk": 1,
      "fields": {
        "user": 1,
        "email": "alisharotela2@fpuna.edu.py",
        "verified": true,
        "primary": true
      }
    },
    {
      "model": "account.emailaddress",
      "pk": 2,
      "fields": {
        "user": 2,
        "email": "aramypatricia@fpuna.edu.py",
        "verified": true,
        "primary": true
      }
    },
    {
      "model": "account.emailaddress",
      "pk": 3,
      "fields": {
        "user": 3,
        "email": "jenny.staple@fpuna.edu.py",
        "verified": true,
        "primary": true
      }
    },
    {
      "model": "account.emailaddress",
      "pk": 4,
      "fields": {
        "user": 4,
        "email": "luis.fer334@fpuna.edu.py",
        "verified": true,
        "primary": true
      }
    },
    {
      "model": "socialaccount.socialapp",
      "pk": 1,
      "fields": {
        "provider": "",
        "name": "sso",
        "client_id": "",
        "secret": "",
        "key": ""
      }
    },
    {
      "model": "socialaccount.socialapp",
      "pk": 2,
      "fields": {
        "provider": "google",
        "name": "sso",
        "client_id": "1063084719121-hre5aon6e3698bov5ioa4698e0otgbsg.apps.googleusercontent.com",
        "secret": "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",
        "key": ""
      }
    },
    {
      "model": "socialaccount.socialaccount",
      "pk": 1,
      "fields": {
        "user": 1,
        "provider": "google",
        "uid": "108997383162197376649",
        "last_login": "2022-11-03T23:44:42.292Z",
        "date_joined": "2022-11-03T23:44:28.881Z",
        "extra_data": "{\"id\": \"108997383162197376649\", \"email\": \"alisharotela2@fpuna.edu.py\", \"verified_email\": true, \"name\": \"Alisha Azucena Rotela Villalba\", \"given_name\": \"Alisha Azucena\", \"family_name\": \"Rotela Villalba\", \"picture\": \"https://lh3.googleusercontent.com/a/ALm5wu3ovtva4aEqesz5_j7plDZNWO_qAShwUky6gXhx=s96-c\", \"locale\": \"es\", \"hd\": \"fpuna.edu.py\"}"
      }
    },
    {
      "model": "socialaccount.socialaccount",
      "pk": 2,
      "fields": {
        "user": 2,
        "provider": "google",
        "uid": "113097361456844326557",
        "last_login": "2022-11-03T23:47:00.520Z",
        "date_joined": "2022-11-03T23:45:55.459Z",
        "extra_data": "{\"id\": \"113097361456844326557\", \"email\": \"aramypatricia@fpuna.edu.py\", \"verified_email\": true, \"name\": \"Aramy Patricia Rolon Cardenas\", \"given_name\": \"Aramy Patricia\", \"family_name\": \"Rolon Cardenas\", \"picture\": \"https://lh3.googleusercontent.com/a/ALm5wu0ULWwmmLdNyzUTDyC2MuF75Ir-JyUWUxSuSiW2=s96-c\", \"locale\": \"es\", \"hd\": \"fpuna.edu.py\"}"
      }
    },
    {
      "model": "socialaccount.socialaccount",
      "pk": 3,
      "fields": {
        "user": 3,
        "provider": "google",
        "uid": "118194788618372720386",
        "last_login": "2022-11-03T23:46:02.922Z",
        "date_joined": "2022-11-03T23:46:02.922Z",
        "extra_data": "{\"id\": \"118194788618372720386\", \"email\": \"jenny.staple@fpuna.edu.py\", \"verified_email\": true, \"name\": \"Jennifer Nathaly Staple Gim\\u00e9nez\", \"given_name\": \"Jennifer Nathaly\", \"family_name\": \"Staple Gim\\u00e9nez\", \"picture\": \"https://lh3.googleusercontent.com/a/ALm5wu2YzRroeR9OMZlKDecxum2XLJb53VZt11E_0Hfv=s96-c\", \"locale\": \"es\", \"hd\": \"fpuna.edu.py\"}"
      }
    },
    {
      "model": "socialaccount.socialaccount",
      "pk": 4,
      "fields": {
        "user": 4,
        "provider": "google",
        "uid": "113281299316315319132",
        "last_login": "2022-11-03T23:46:12.749Z",
        "date_joined": "2022-11-03T23:46:12.749Z",
        "extra_data": "{\"id\": \"113281299316315319132\", \"email\": \"luis.fer334@fpuna.edu.py\", \"verified_email\": true, \"name\": \"Luis Fernando R\\u00edos Alvarez\", \"given_name\": \"Luis Fernando\", \"family_name\": \"R\\u00edos Alvarez\", \"link\": \"https://plus.google.com/113281299316315319132\", \"picture\": \"https://lh3.googleusercontent.com/a/ALm5wu0UbLOLf4NTFHMbbhFjkpJcl1CaHKOLDYK3GrZf=s96-c\", \"locale\": \"es\", \"hd\": \"fpuna.edu.py\"}"
      }
    },
    {
      "model": "permisos.rolesdesistema",
      "pk": 1,
      "fields": {
        "nombre": "administrador",
        "defecto": true,
        "descripcion": "",
        "permisos": [57, 61, 56, 53, 59, 54, 63, 58, 60]
      }
    },
    {
      "model": "permisos.rolesdesistema",
      "pk": 2,
      "fields": {
        "nombre": "usuarios",
        "defecto": true,
        "descripcion": "",
        "permisos": [55]
      }
    },
    {
      "model": "permisos.rolesdesistema",
      "pk": 3,
      "fields": {
        "nombre": "sin_acceso",
        "defecto": true,
        "descripcion": "",
        "permisos": []
      }
    },
    {
      "model": "permisos.rolesdesistema",
      "pk": 4,
      "fields": {
        "nombre": "Scrum Master",
        "defecto": true,
        "descripcion": "",
        "permisos": [
          55, 57, 83, 64, 75, 76, 61, 56, 69, 79, 72, 62, 65, 59, 82, 77, 68, 71,
          74, 67, 70, 78, 80, 73, 66, 81, 63, 58
        ]
      }
    },
    {
      "model": "permisos.rolesdesistema",
      "pk": 5,
      "fields": {
        "nombre": "Desarrollador front",
        "defecto": false,
        "descripcion": "Desarrollador front",
        "permisos": [55, 74, 85, 66, 81, 63, 58, 84, 60]
      }
    },
    {
      "model": "permisos.rolesdesistema",
      "pk": 6,
      "fields": {
        "nombre": "QA",
        "defecto": false,
        "descripcion": "test",
        "permisos": [55, 74, 85, 66, 81, 63, 58, 84, 60]
      }
    },
    {
      "model": "Proyectos.rolusuario",
      "pk": 1,
      "fields": { "miembro": 3, "roles": [5] }
    },
    {
      "model": "Proyectos.rolusuario",
      "pk": 2,
      "fields": { "miembro": 4, "roles": [6] }
    },
    {
      "model": "Proyectos.proyecto",
      "pk": 1,
      "fields": {
        "id_proyecto": "",
        "nombre": "Proyecto A",
        "descripcion": "Una descripcion",
        "scrumMaster": 2,
        "fecha_de_inicio": "2022-11-03T23:46:52.409Z",
        "fecha_finalizacion": null,
        "estado": "En Curso",
        "miembros": [3, 4],
        "roles": [5, 6],
        "usuario_roles": [1, 2],
        "tipo_us": [1],
        "sprint": [1]
      }
    },
    {
        "model": "Proyectos.proyecto",
        "pk": 2,
        "fields": {
          "id_proyecto": "",
          "nombre": "Proyecto B",
          "descripcion": "Una descripcion para el Proyecto B",
          "scrumMaster": 2,
          "fecha_de_inicio": "2022-11-03T23:46:52.409Z",
          "fecha_finalizacion": null,
          "estado": "En Planificacion",
          "miembros": [3, 4],
          "roles": [5, 6],
          "usuario_roles": [1, 2],
          "tipo_us": [1],
          "sprint": [2]
        }
    },
    {
      "model": "UserStories.estados_kanban",
      "pk": 1,
      "fields": { "nombre": "Pendiente", "defecto": true }
    },
    {
      "model": "UserStories.estados_kanban",
      "pk": 2,
      "fields": { "nombre": "En curso", "defecto": true }
    },
    {
      "model": "UserStories.estados_kanban",
      "pk": 100,
      "fields": { "nombre": "Finalizado", "defecto": true }
    },
    {
      "model": "UserStories.tipouserstory",
      "pk": 1,
      "fields": {
        "nombre": "Tipo US 1",
        "descripcion": "",
        "estados_kanban": [1, 2, 99, 100]
      }
    },
    {
      "model": "UserStories.userstories",
      "pk": 1,
      "fields": {
        "id_proyecto": 1,
        "nombre": "US 1",
        "descripcion": "us 1",
        "tipo": 1,
        "miembro_asignado": 3,
        "comentarios": "us 1",
        "horas_estimadas": 23,
        "PN": 3,
        "PT": 2,
        "PS": 3,
        "estado": 1,
        "Prioridad": "2.60",
        "motivo_cancelacion": "",
        "en_sprint": true,
        "horas_trabajadas": 0
      }
    },
    {
      "model": "UserStories.userstories",
      "pk": 2,
      "fields": {
        "id_proyecto": 1,
        "nombre": "US 2",
        "descripcion": "us 2",
        "tipo": 1,
        "miembro_asignado": 4,
        "comentarios": "us 2",
        "horas_estimadas": 25,
        "PN": 2,
        "PT": 3,
        "PS": 3,
        "estado": 1,
        "Prioridad": "2.40",
        "motivo_cancelacion": "",
        "en_sprint": true,
        "horas_trabajadas": 0
      }
    },
    {
        "model": "UserStories.userstories",
        "pk": 3,
        "fields": {
          "id_proyecto": 2,
          "nombre": "US 3",
          "descripcion": "us 3",
          "tipo": 1,
          "miembro_asignado": 4,
          "comentarios": "us 3",
          "horas_estimadas": 25,
          "PN": 2,
          "PT": 3,
          "PS": 3,
          "estado": 1,
          "Prioridad": "2.40",
          "motivo_cancelacion": "",
          "en_sprint": true,
          "horas_trabajadas": 0
        }
    },
    {
        "model": "UserStories.userstories",
        "pk": 4,
        "fields": {
          "id_proyecto": 2,
          "nombre": "US 4",
          "descripcion": "us 4",
          "tipo": 1,
          "miembro_asignado": 4,
          "comentarios": "us 4",
          "horas_estimadas": 25,
          "PN": 2,
          "PT": 3,
          "PS": 3,
          "estado": 1,
          "Prioridad": "2.40",
          "motivo_cancelacion": "",
          "en_sprint": true,
          "horas_trabajadas": 0
        }
    },
  
    {
      "model": "UserStories.userstories",
      "pk": 3,
      "fields": {
        "id_proyecto": 1,
        "nombre": "US 3",
        "descripcion": "us 3",
        "tipo": 1,
        "miembro_asignado": null,
        "comentarios": "us 3",
        "horas_estimadas": 43,
        "PN": 3,
        "PT": 2,
        "PS": 0,
        "estado": 1,
        "Prioridad": "2.60",
        "motivo_cancelacion": "",
        "en_sprint": false,
        "horas_trabajadas": 0
      }
    },
    {
      "model": "UserStories.userstories",
      "pk": 4,
      "fields": {
        "id_proyecto": 1,
        "nombre": "US 4",
        "descripcion": "us 4",
        "tipo": 1,
        "miembro_asignado": null,
        "comentarios": "us 4",
        "horas_estimadas": 32,
        "PN": 3,
        "PT": 4,
        "PS": 0,
        "estado": 1,
        "Prioridad": "3.40",
        "motivo_cancelacion": "",
        "en_sprint": false,
        "horas_trabajadas": 0
      }
    },
    {
      "model": "Sprint.sprint",
      "pk": 1,
      "fields": {
        "id_sprint": "",
        "nombre_sprint": "Sprint A",
        "duracion_sprint": 20,
        "fecha_creacion": "2022-11-03T23:51:03.579Z",
        "fecha_inicio": null,
        "fecha_fin": null,
        "descripcion": "sprint a",
        "estado_sprint": "En Planificacion",
        "id_proyecto": 1,
        "capacidad": 1800,
        "capacidad_us": 48,
        "capacidad_equipo": 90,
        "historias": [1, 2]
      }
    },
    {
        "model": "Sprint.sprint",
        "pk": 2,
        "fields": {
          "id_sprint": "",
          "nombre_sprint": "Sprint B",
          "duracion_sprint": 20,
          "fecha_creacion": "2022-11-03T23:51:03.579Z",
          "fecha_inicio": null,
          "fecha_fin": null,
          "descripcion": "sprint b",
          "estado_sprint": "En Planificacion",
          "id_proyecto": 2,
          "capacidad": 1800,
          "capacidad_us": 48,
          "capacidad_equipo": 90,
          "historias": [3, 4]
        }
    },
    {
      "model": "Sprint.sprintmiembros",
      "pk": 1,
      "fields": {
        "sprint": 1,
        "miembro": 3,
        "capacidad_miembro": 40,
        "us_asignado": null,
        "proyecto": 1
      }
    },
    {
      "model": "Sprint.sprintmiembros",
      "pk": 2,
      "fields": {
        "sprint": 1,
        "miembro": 4,
        "capacidad_miembro": 50,
        "us_asignado": null,
        "proyecto": 1
      }
    }
  ]
  